Module,Service ID,Service Name,Current State,Target Capability,Primary Data Source,Primary Windows/API Interface,Native Strategy,Database Needed,Simple UI,Advanced UI,Terminal/Evidence,Admin,Risk,Undo,Offline,External Dependency,Research Readiness,Primary Source,Implementation Phase
M01,M01-S01,Windows & hardware discovery,STATIC_VERIFIED,"Deliver Windows & hardware discovery as a bounded, inspectable Windows capability with truthful preflight, progress, result, and evidence.",CIM/WMI hardware classes; WinGet CLI,CIM/WMI hardware classes,typed Tauri/Rust contract; fixed allowlisted command only if required,yes,scope/source selector; Scan or Preview; Review results; Export evidence,bounded filters; timeout/result limits; evidence verbosity,operation id; phase; data source/API; duration; warnings/errors; changed/skipped objects,standard user unless the selected operation touches protected machine state,LOW,False,Core local capability must work offline unless an external provider is explicitly selected.,none,READY_TO_IMPLEMENT,https://learn.microsoft.com/en-us/windows/package-manager/winget/source,P2_existing_reference
M01,M01-S02,Winget availability verification,STATIC_VERIFIED,"Deliver Winget availability verification as a bounded, inspectable Windows capability with truthful preflight, progress, result, and evidence.",CIM/WMI hardware classes; WinGet CLI,CIM/WMI hardware classes,typed Tauri/Rust contract; fixed allowlisted command only if required,yes,scope/source selector; Scan or Preview; Review results; Export evidence,bounded filters; timeout/result limits; evidence verbosity,operation id; phase; data source/API; duration; warnings/errors; changed/skipped objects,standard user unless the selected operation touches protected machine state,LOW,False,Core local capability must work offline unless an external provider is explicitly selected.,none,READY_TO_IMPLEMENT,https://learn.microsoft.com/en-us/windows/package-manager/winget/source,P2_existing_reference
M01,M01-S03,Winget repair guidance,PLANNED,"Deliver Winget repair guidance as a bounded, inspectable Windows capability with truthful preflight, progress, result, and evidence.",CIM/WMI hardware classes; WinGet CLI,CIM/WMI hardware classes,typed Tauri/Rust contract; fixed allowlisted command only if required,yes,scope/source selector; Scan or Preview; Review results; Export evidence,bounded filters; timeout/result limits; evidence verbosity,operation id; phase; data source/API; duration; warnings/errors; changed/skipped objects,standard user unless the selected operation touches protected machine state,MEDIUM,False,Core local capability must work offline unless an external provider is explicitly selected.,none,READY_TO_IMPLEMENT,https://learn.microsoft.com/en-us/windows/package-manager/winget/source,P1_planned
M01,M01-S04,Essential software catalog,PLANNED,"Deliver Essential software catalog as a bounded, inspectable Windows capability with truthful preflight, progress, result, and evidence.",CIM/WMI hardware classes; WinGet CLI,CIM/WMI hardware classes,typed Tauri/Rust contract; fixed allowlisted command only if required,yes,scope/source selector; Scan or Preview; Review results; Export evidence,bounded filters; timeout/result limits; evidence verbosity,operation id; phase; data source/API; duration; warnings/errors; changed/skipped objects,standard user unless the selected operation touches protected machine state,LOW,False,Core local capability must work offline unless an external provider is explicitly selected.,none,READY_TO_IMPLEMENT,https://learn.microsoft.com/en-us/windows/package-manager/winget/source,P1_planned
M01,M01-S05,Bulk essential software installation,STATIC_VERIFIED,"Deliver Bulk essential software installation as a bounded, inspectable Windows capability with truthful preflight, progress, result, and evidence.",CIM/WMI hardware classes; WinGet CLI,CIM/WMI hardware classes,typed Tauri/Rust contract; fixed allowlisted command only if required,yes,scope/source selector; Scan or Preview; Review results; Export evidence,bounded filters; timeout/result limits; evidence verbosity,operation id; phase; data source/API; duration; warnings/errors; changed/skipped objects,standard user unless the selected operation touches protected machine state,LOW,False,Core local capability must work offline unless an external provider is explicitly selected.,none,READY_TO_IMPLEMENT,https://learn.microsoft.com/en-us/windows/package-manager/winget/source,P2_existing_reference
M01,M01-S06,Import an installation list,PLANNED,"Deliver Import an installation list as a bounded, inspectable Windows capability with truthful preflight, progress, result, and evidence.",CIM/WMI hardware classes; WinGet CLI,CIM/WMI hardware classes,typed Tauri/Rust contract; fixed allowlisted command only if required,yes,scope/source selector; Scan or Preview; Review results; Export evidence,bounded filters; timeout/result limits; evidence verbosity,operation id; phase; data source/API; duration; warnings/errors; changed/skipped objects,standard user unless the selected operation touches protected machine state,LOW,False,Core local capability must work offline unless an external provider is explicitly selected.,none,READY_TO_IMPLEMENT,https://learn.microsoft.com/en-us/windows/package-manager/winget/source,P1_planned
M01,M01-S07,Export installed application inventory,PLANNED,"Deliver Export installed application inventory as a bounded, inspectable Windows capability with truthful preflight, progress, result, and evidence.",CIM/WMI hardware classes; WinGet CLI,CIM/WMI hardware classes,typed Tauri/Rust contract; fixed allowlisted command only if required,yes,choose report scope; choose format; redaction toggle where personal data exists; Export,include/exclude evidence sections; timestamp/timezone; machine identifiers policy; pretty/compact JSON,operation id; phase; data source/API; duration; warnings/errors; changed/skipped objects,standard user unless the selected operation touches protected machine state,LOW,False,Core local capability must work offline unless an external provider is explicitly selected.,none,READY_TO_IMPLEMENT,https://learn.microsoft.com/en-us/windows/package-manager/winget/source,P1_planned
M01,M01-S08,Create post-format profiles,PLANNED,"Deliver Create post-format profiles as a bounded, inspectable Windows capability with truthful preflight, progress, result, and evidence.",CIM/WMI hardware classes; WinGet CLI,CIM/WMI hardware classes,typed Tauri/Rust contract; fixed allowlisted command only if required,yes,scope/source selector; Scan or Preview; Review results; Export evidence,bounded filters; timeout/result limits; evidence verbosity,operation id; phase; data source/API; duration; warnings/errors; changed/skipped objects,standard user unless the selected operation touches protected machine state,LOW,False,Core local capability must work offline unless an external provider is explicitly selected.,none,READY_TO_IMPLEMENT,https://learn.microsoft.com/en-us/windows/package-manager/winget/source,P1_planned
M01,M01-S09,Resumable installation queue,PLANNED,"Deliver Resumable installation queue as a bounded, inspectable Windows capability with truthful preflight, progress, result, and evidence.",CIM/WMI hardware classes; WinGet CLI,CIM/WMI hardware classes,typed Tauri/Rust contract; fixed allowlisted command only if required,yes,scope/source selector; Scan or Preview; Review results; Export evidence,bounded filters; timeout/result limits; evidence verbosity,operation id; phase; data source/API; duration; warnings/errors; changed/skipped objects,standard user unless the selected operation touches protected machine state,LOW,False,Core local capability must work offline unless an external provider is explicitly selected.,none,READY_TO_IMPLEMENT,https://learn.microsoft.com/en-us/windows/package-manager/winget/source,P1_planned
M01,M01-S10,Restore point before setup changes,PLANNED,"Deliver Restore point before setup changes as a bounded, inspectable Windows capability with truthful preflight, progress, result, and evidence.",CIM/WMI hardware classes; WinGet CLI,CIM/WMI hardware classes,typed Tauri/Rust contract; fixed allowlisted command only if required,yes,scope/source selector; Scan or Preview; Review results; Export evidence,bounded filters; timeout/result limits; evidence verbosity,operation id; phase; data source/API; duration; warnings/errors; changed/skipped objects,Administrator,MEDIUM,False,Core local capability must work offline unless an external provider is explicitly selected.,none,READY_TO_IMPLEMENT,https://learn.microsoft.com/en-us/windows/package-manager/winget/source,P1_planned
M02,M02-S01,User temporary files,STATIC_VERIFIED,"Deliver User temporary files as a bounded, inspectable Windows capability with truthful preflight, progress, result, and evidence.",Win32 file APIs; Known folders/environment paths,Win32 file APIs,typed Tauri/Rust contract; fixed allowlisted command only if required,yes,scope/source selector; Scan or Preview; Review results; Export evidence,bounded filters; timeout/result limits; evidence verbosity,operation id; phase; data source/API; duration; warnings/errors; changed/skipped objects,standard user unless the selected operation touches protected machine state,LOW,False,Core local capability must work offline unless an external provider is explicitly selected.,none,READY_TO_IMPLEMENT,https://learn.microsoft.com/en-us/windows/win32/api/fileapi/,P2_existing_reference
M02,M02-S02,Windows temporary files,STATIC_VERIFIED,"Deliver Windows temporary files as a bounded, inspectable Windows capability with truthful preflight, progress, result, and evidence.",Win32 file APIs; Known folders/environment paths,Win32 file APIs,typed Tauri/Rust contract; fixed allowlisted command only if required,yes,scope/source selector; Scan or Preview; Review results; Export evidence,bounded filters; timeout/result limits; evidence verbosity,operation id; phase; data source/API; duration; warnings/errors; changed/skipped objects,standard user unless the selected operation touches protected machine state,LOW,False,Core local capability must work offline unless an external provider is explicitly selected.,none,READY_TO_IMPLEMENT,https://learn.microsoft.com/en-us/windows/win32/api/fileapi/,P2_existing_reference
M02,M02-S03,Browser cache,STATIC_VERIFIED,"Deliver Browser cache as a bounded, inspectable Windows capability with truthful preflight, progress, result, and evidence.",Win32 file APIs; Known folders/environment paths,Win32 file APIs,typed Tauri/Rust contract; fixed allowlisted command only if required,yes,scope/source selector; Scan or Preview; Review results; Export evidence,bounded filters; timeout/result limits; evidence verbosity,operation id; phase; data source/API; duration; warnings/errors; changed/skipped objects,standard user unless the selected operation touches protected machine state,LOW,False,Core local capability must work offline unless an external provider is explicitly selected.,none,READY_TO_IMPLEMENT,https://learn.microsoft.com/en-us/windows/win32/api/fileapi/,P2_existing_reference
M02,M02-S04,Thumbnail cache,STATIC_VERIFIED,"Deliver Thumbnail cache as a bounded, inspectable Windows capability with truthful preflight, progress, result, and evidence.",Win32 file APIs; Known folders/environment paths,Win32 file APIs,typed Tauri/Rust contract; fixed allowlisted command only if required,yes,scope/source selector; Scan or Preview; Review results; Export evidence,bounded filters; timeout/result limits; evidence verbosity,operation id; phase; data source/API; duration; warnings/errors; changed/skipped objects,standard user unless the selected operation touches protected machine state,LOW,False,Core local capability must work offline unless an external provider is explicitly selected.,none,READY_TO_IMPLEMENT,https://learn.microsoft.com/en-us/windows/win32/api/fileapi/,P2_existing_reference
M02,M02-S05,Crash dumps,STATIC_VERIFIED,"Deliver Crash dumps as a bounded, inspectable Windows capability with truthful preflight, progress, result, and evidence.",Win32 file APIs; Known folders/environment paths,Win32 file APIs,typed Tauri/Rust contract; fixed allowlisted command only if required,yes,scope/source selector; Scan or Preview; Review results; Export evidence,bounded filters; timeout/result limits; evidence verbosity,operation id; phase; data source/API; duration; warnings/errors; changed/skipped objects,standard user unless the selected operation touches protected machine state,LOW,False,Core local capability must work offline unless an external provider is explicitly selected.,none,READY_TO_IMPLEMENT,https://learn.microsoft.com/en-us/windows/win32/api/fileapi/,P2_existing_reference
M02,M02-S06,Delivery Optimization cache,PLANNED,"Deliver Delivery Optimization cache as a bounded, inspectable Windows capability with truthful preflight, progress, result, and evidence.",Win32 file APIs; Known folders/environment paths,Win32 file APIs,typed Tauri/Rust contract; fixed allowlisted command only if required,yes,scope/source selector; Scan or Preview; Review results; Export evidence,bounded filters; timeout/result limits; evidence verbosity,operation id; phase; data source/API; duration; warnings/errors; changed/skipped objects,standard user unless the selected operation touches protected machine state,LOW,False,Core local capability must work offline unless an external provider is explicitly selected.,none,READY_TO_IMPLEMENT,https://learn.microsoft.com/en-us/windows/win32/api/fileapi/,P1_planned
M02,M02-S07,Application & Windows logs,STATIC_VERIFIED,"Deliver Application & Windows logs as a bounded, inspectable Windows capability with truthful preflight, progress, result, and evidence.",Win32 file APIs; Known folders/environment paths,Win32 file APIs,typed Tauri/Rust contract; fixed allowlisted command only if required,yes,scope/source selector; Scan or Preview; Review results; Export evidence,bounded filters; timeout/result limits; evidence verbosity,operation id; phase; data source/API; duration; warnings/errors; changed/skipped objects,standard user unless the selected operation touches protected machine state,LOW,False,Core local capability must work offline unless an external provider is explicitly selected.,none,READY_TO_IMPLEMENT,https://learn.microsoft.com/en-us/windows/win32/api/fileapi/,P2_existing_reference
M02,M02-S08,Recycle Bin review,PLANNED,"Deliver Recycle Bin review as a bounded, inspectable Windows capability with truthful preflight, progress, result, and evidence.",Win32 file APIs; Known folders/environment paths,Win32 file APIs,typed Tauri/Rust contract; fixed allowlisted command only if required,yes,scope/source selector; Scan or Preview; Review results; Export evidence,bounded filters; timeout/result limits; evidence verbosity,operation id; phase; data source/API; duration; warnings/errors; changed/skipped objects,standard user unless the selected operation touches protected machine state,LOW,False,Core local capability must work offline unless an external provider is explicitly selected.,none,READY_TO_IMPLEMENT,https://learn.microsoft.com/en-us/windows/win32/api/fileapi/,P1_planned
M02,M02-S09,Old Downloads review,STATIC_VERIFIED,"Deliver Old Downloads review as a bounded, inspectable Windows capability with truthful preflight, progress, result, and evidence.",Win32 file APIs; Known folders/environment paths,Win32 file APIs,typed Tauri/Rust contract; fixed allowlisted command only if required,yes,scope/source selector; Scan or Preview; Review results; Export evidence,bounded filters; timeout/result limits; evidence verbosity,operation id; phase; data source/API; duration; warnings/errors; changed/skipped objects,standard user unless the selected operation touches protected machine state,LOW,False,Core local capability must work offline unless an external provider is explicitly selected.,none,READY_TO_IMPLEMENT,https://learn.microsoft.com/en-us/windows/win32/api/fileapi/,P2_existing_reference
M02,M02-S10,Scheduled cleanup profiles,PLANNED,"Deliver Scheduled cleanup profiles as a bounded, inspectable Windows capability with truthful preflight, progress, result, and evidence.",Win32 file APIs; Known folders/environment paths,Win32 file APIs,typed Tauri/Rust contract; fixed allowlisted command only if required,yes,scope/source selector; Scan or Preview; Review results; Export evidence,bounded filters; timeout/result limits; evidence verbosity,operation id; phase; data source/API; duration; warnings/errors; changed/skipped objects,standard user unless the selected operation touches protected machine state,LOW,True,Core local capability must work offline unless an external provider is explicitly selected.,none,READY_TO_IMPLEMENT,https://learn.microsoft.com/en-us/windows/win32/api/fileapi/,P1_planned
M03,M03-S01,Exact duplicate detection,STATIC_VERIFIED,"Deliver Exact duplicate detection as a bounded, inspectable Windows capability with truthful preflight, progress, result, and evidence.",Win32 file identity; Rust streaming hash,Win32 file identity,typed Tauri/Rust contract; fixed allowlisted command only if required,yes,scope/source selector; Scan or Preview; Review results; Export evidence,bounded filters; timeout/result limits; evidence verbosity,operation id; phase; data source/API; duration; warnings/errors; changed/skipped objects,standard user unless the selected operation touches protected machine state,LOW,False,Core local capability must work offline unless an external provider is explicitly selected.,none,READY_TO_IMPLEMENT,https://learn.microsoft.com/en-us/windows/win32/api/fileapi/nf-fileapi-getfileinformationbyhandle,P2_existing_reference
M03,M03-S02,Fast partial-hash scan,STATIC_VERIFIED,"Deliver Fast partial-hash scan as a bounded, inspectable Windows capability with truthful preflight, progress, result, and evidence.",Win32 file identity; Rust streaming hash,Win32 file identity,typed Tauri/Rust contract; fixed allowlisted command only if required,yes,scope/source selector; Scan or Preview; Review results; Export evidence,bounded filters; timeout/result limits; evidence verbosity,operation id; phase; data source/API; duration; warnings/errors; changed/skipped objects,standard user unless the selected operation touches protected machine state,LOW,False,Core local capability must work offline unless an external provider is explicitly selected.,none,READY_TO_IMPLEMENT,https://learn.microsoft.com/en-us/windows/win32/api/fileapi/nf-fileapi-getfileinformationbyhandle,P2_existing_reference
M03,M03-S03,Similar-image detection,PARTIAL,"Deliver Similar-image detection as a bounded, inspectable Windows capability with truthful preflight, progress, result, and evidence.",Win32 file identity; Rust streaming hash,Win32 file identity,typed Tauri/Rust contract; fixed allowlisted command only if required,yes,scope/source selector; Scan or Preview; Review results; Export evidence,bounded filters; timeout/result limits; evidence verbosity,operation id; phase; data source/API; duration; warnings/errors; changed/skipped objects,standard user unless the selected operation touches protected machine state,LOW,False,Core local capability must work offline unless an external provider is explicitly selected.,none,READY_TO_IMPLEMENT,https://learn.microsoft.com/en-us/windows/win32/api/fileapi/nf-fileapi-getfileinformationbyhandle,P0_partial_closure
M03,M03-S04,Duplicate-video detection,PARTIAL,"Deliver Duplicate-video detection as a bounded, inspectable Windows capability with truthful preflight, progress, result, and evidence.",Win32 file identity; Rust streaming hash,Win32 file identity,typed Tauri/Rust contract; fixed allowlisted command only if required,yes,scope/source selector; Scan or Preview; Review results; Export evidence,bounded filters; timeout/result limits; evidence verbosity,operation id; phase; data source/API; duration; warnings/errors; changed/skipped objects,standard user unless the selected operation touches protected machine state,LOW,False,Core local capability must work offline unless an external provider is explicitly selected.,none,NEEDS_PROTOTYPE,https://learn.microsoft.com/en-us/windows/win32/api/fileapi/nf-fileapi-getfileinformationbyhandle,P0_partial_closure
M03,M03-S05,Duplicate-audio detection,PARTIAL,"Deliver Duplicate-audio detection as a bounded, inspectable Windows capability with truthful preflight, progress, result, and evidence.",Win32 file identity; Rust streaming hash,Win32 file identity,typed Tauri/Rust contract; fixed allowlisted command only if required,yes,scope/source selector; Scan or Preview; Review results; Export evidence,bounded filters; timeout/result limits; evidence verbosity,operation id; phase; data source/API; duration; warnings/errors; changed/skipped objects,standard user unless the selected operation touches protected machine state,LOW,False,Core local capability must work offline unless an external provider is explicitly selected.,none,NEEDS_PROTOTYPE,https://learn.microsoft.com/en-us/windows/win32/api/fileapi/nf-fileapi-getfileinformationbyhandle,P0_partial_closure
M03,M03-S06,Duplicate-document detection,STATIC_VERIFIED,"Deliver Duplicate-document detection as a bounded, inspectable Windows capability with truthful preflight, progress, result, and evidence.",Win32 file identity; Rust streaming hash,Win32 file identity,typed Tauri/Rust contract; fixed allowlisted command only if required,yes,scope/source selector; Scan or Preview; Review results; Export evidence,bounded filters; timeout/result limits; evidence verbosity,operation id; phase; data source/API; duration; warnings/errors; changed/skipped objects,standard user unless the selected operation touches protected machine state,LOW,False,Core local capability must work offline unless an external provider is explicitly selected.,none,READY_TO_IMPLEMENT,https://learn.microsoft.com/en-us/windows/win32/api/fileapi/nf-fileapi-getfileinformationbyhandle,P2_existing_reference
M03,M03-S07,Duplicate-archive detection,PARTIAL,"Deliver Duplicate-archive detection as a bounded, inspectable Windows capability with truthful preflight, progress, result, and evidence.",Win32 file identity; Rust streaming hash,Win32 file identity,typed Tauri/Rust contract; fixed allowlisted command only if required,yes,scope/source selector; Scan or Preview; Review results; Export evidence,bounded filters; timeout/result limits; evidence verbosity,operation id; phase; data source/API; duration; warnings/errors; changed/skipped objects,standard user unless the selected operation touches protected machine state,LOW,False,Core local capability must work offline unless an external provider is explicitly selected.,none,READY_TO_IMPLEMENT,https://learn.microsoft.com/en-us/windows/win32/api/fileapi/nf-fileapi-getfileinformationbyhandle,P0_partial_closure
M03,M03-S08,Duplicate-folder detection,STATIC_VERIFIED,"Deliver Duplicate-folder detection as a bounded, inspectable Windows capability with truthful preflight, progress, result, and evidence.",Win32 file identity; Rust streaming hash,Win32 file identity,typed Tauri/Rust contract; fixed allowlisted command only if required,yes,scope/source selector; Scan or Preview; Review results; Export evidence,bounded filters; timeout/result limits; evidence verbosity,operation id; phase; data source/API; duration; warnings/errors; changed/skipped objects,standard user unless the selected operation touches protected machine state,LOW,False,Core local capability must work offline unless an external provider is explicitly selected.,none,READY_TO_IMPLEMENT,https://learn.microsoft.com/en-us/windows/win32/api/fileapi/nf-fileapi-getfileinformationbyhandle,P2_existing_reference
M03,M03-S09,Keeper recommendations,STATIC_VERIFIED,"Deliver Keeper recommendations as a bounded, inspectable Windows capability with truthful preflight, progress, result, and evidence.",Win32 file identity; Rust streaming hash,Win32 file identity,typed Tauri/Rust contract; fixed allowlisted command only if required,yes,scope/source selector; Scan or Preview; Review results; Export evidence,bounded filters; timeout/result limits; evidence verbosity,operation id; phase; data source/API; duration; warnings/errors; changed/skipped objects,standard user unless the selected operation touches protected machine state,LOW,False,Core local capability must work offline unless an external provider is explicitly selected.,none,READY_TO_IMPLEMENT,https://learn.microsoft.com/en-us/windows/win32/api/fileapi/nf-fileapi-getfileinformationbyhandle,P2_existing_reference
M03,M03-S10,Quarantine and restore,STATIC_VERIFIED,"Deliver Quarantine and restore as a bounded, inspectable Windows capability with truthful preflight, progress, result, and evidence.",Win32 file identity; Rust streaming hash,Win32 file identity,typed Tauri/Rust contract; fixed allowlisted command only if required,yes,scope/source selector; Scan or Preview; Review results; Export evidence,bounded filters; timeout/result limits; evidence verbosity,operation id; phase; data source/API; duration; warnings/errors; changed/skipped objects,standard user unless the selected operation touches protected machine state,MEDIUM,False,Core local capability must work offline unless an external provider is explicitly selected.,none,READY_TO_IMPLEMENT,https://learn.microsoft.com/en-us/windows/win32/api/fileapi/nf-fileapi-getfileinformationbyhandle,P2_existing_reference
M04,M04-S01,Storage treemap,STATIC_VERIFIED,"Deliver Storage treemap as a bounded, inspectable Windows capability with truthful preflight, progress, result, and evidence.",Win32 file APIs; GetDiskFreeSpaceEx,Win32 file APIs,typed Tauri/Rust contract; fixed allowlisted command only if required,yes,scope/source selector; Scan or Preview; Review results; Export evidence,bounded filters; timeout/result limits; evidence verbosity,operation id; phase; data source/API; duration; warnings/errors; changed/skipped objects,standard user unless the selected operation touches protected machine state,LOW,False,Core local capability must work offline unless an external provider is explicitly selected.,none,READY_TO_IMPLEMENT,https://learn.microsoft.com/en-us/windows/win32/api/fileapi/,P2_existing_reference
M04,M04-S02,Largest files,STATIC_VERIFIED,"Deliver Largest files as a bounded, inspectable Windows capability with truthful preflight, progress, result, and evidence.",Win32 file APIs; GetDiskFreeSpaceEx,Win32 file APIs,typed Tauri/Rust contract; fixed allowlisted command only if required,yes,scope/source selector; Scan or Preview; Review results; Export evidence,bounded filters; timeout/result limits; evidence verbosity,operation id; phase; data source/API; duration; warnings/errors; changed/skipped objects,standard user unless the selected operation touches protected machine state,LOW,False,Core local capability must work offline unless an external provider is explicitly selected.,none,READY_TO_IMPLEMENT,https://learn.microsoft.com/en-us/windows/win32/api/fileapi/,P2_existing_reference
M04,M04-S03,Largest folders,STATIC_VERIFIED,"Deliver Largest folders as a bounded, inspectable Windows capability with truthful preflight, progress, result, and evidence.",Win32 file APIs; GetDiskFreeSpaceEx,Win32 file APIs,typed Tauri/Rust contract; fixed allowlisted command only if required,yes,scope/source selector; Scan or Preview; Review results; Export evidence,bounded filters; timeout/result limits; evidence verbosity,operation id; phase; data source/API; duration; warnings/errors; changed/skipped objects,standard user unless the selected operation touches protected machine state,LOW,False,Core local capability must work offline unless an external provider is explicitly selected.,none,READY_TO_IMPLEMENT,https://learn.microsoft.com/en-us/windows/win32/api/fileapi/,P2_existing_reference
M04,M04-S04,File-type distribution,STATIC_VERIFIED,"Deliver File-type distribution as a bounded, inspectable Windows capability with truthful preflight, progress, result, and evidence.",Win32 file APIs; GetDiskFreeSpaceEx,Win32 file APIs,typed Tauri/Rust contract; fixed allowlisted command only if required,yes,scope/source selector; Scan or Preview; Review results; Export evidence,bounded filters; timeout/result limits; evidence verbosity,operation id; phase; data source/API; duration; warnings/errors; changed/skipped objects,standard user unless the selected operation touches protected machine state,LOW,False,Core local capability must work offline unless an external provider is explicitly selected.,none,READY_TO_IMPLEMENT,https://learn.microsoft.com/en-us/windows/win32/api/fileapi/,P2_existing_reference
M04,M04-S05,Old files,PARTIAL,"Deliver Old files as a bounded, inspectable Windows capability with truthful preflight, progress, result, and evidence.",Win32 file APIs; GetDiskFreeSpaceEx,Win32 file APIs,typed Tauri/Rust contract; fixed allowlisted command only if required,yes,scope/source selector; Scan or Preview; Review results; Export evidence,bounded filters; timeout/result limits; evidence verbosity,operation id; phase; data source/API; duration; warnings/errors; changed/skipped objects,standard user unless the selected operation touches protected machine state,LOW,False,Core local capability must work offline unless an external provider is explicitly selected.,none,READY_TO_IMPLEMENT,https://learn.microsoft.com/en-us/windows/win32/api/fileapi/,P0_partial_closure
M04,M04-S06,Downloads analysis,STATIC_VERIFIED,"Deliver Downloads analysis as a bounded, inspectable Windows capability with truthful preflight, progress, result, and evidence.",Win32 file APIs; GetDiskFreeSpaceEx,Win32 file APIs,typed Tauri/Rust contract; fixed allowlisted command only if required,yes,scope/source selector; Scan or Preview; Review results; Export evidence,bounded filters; timeout/result limits; evidence verbosity,operation id; phase; data source/API; duration; warnings/errors; changed/skipped objects,standard user unless the selected operation touches protected machine state,LOW,False,Core local capability must work offline unless an external provider is explicitly selected.,none,READY_TO_IMPLEMENT,https://learn.microsoft.com/en-us/windows/win32/api/fileapi/,P2_existing_reference
M04,M04-S07,Application-data analysis,STATIC_VERIFIED,"Deliver Application-data analysis as a bounded, inspectable Windows capability with truthful preflight, progress, result, and evidence.",Win32 file APIs; GetDiskFreeSpaceEx,Win32 file APIs,typed Tauri/Rust contract; fixed allowlisted command only if required,yes,scope/source selector; Scan or Preview; Review results; Export evidence,bounded filters; timeout/result limits; evidence verbosity,operation id; phase; data source/API; duration; warnings/errors; changed/skipped objects,standard user unless the selected operation touches protected machine state,LOW,False,Core local capability must work offline unless an external provider is explicitly selected.,none,READY_TO_IMPLEMENT,https://learn.microsoft.com/en-us/windows/win32/api/fileapi/,P2_existing_reference
M04,M04-S08,External-drive analysis,STATIC_VERIFIED,"Deliver External-drive analysis as a bounded, inspectable Windows capability with truthful preflight, progress, result, and evidence.",Win32 file APIs; GetDiskFreeSpaceEx,Win32 file APIs,typed Tauri/Rust contract; fixed allowlisted command only if required,yes,scope/source selector; Scan or Preview; Review results; Export evidence,bounded filters; timeout/result limits; evidence verbosity,operation id; phase; data source/API; duration; warnings/errors; changed/skipped objects,standard user unless the selected operation touches protected machine state,LOW,False,Core local capability must work offline unless an external provider is explicitly selected.,none,READY_TO_IMPLEMENT,https://learn.microsoft.com/en-us/windows/win32/api/fileapi/,P2_existing_reference
M04,M04-S09,Low-space alerts,STATIC_VERIFIED,"Deliver Low-space alerts as a bounded, inspectable Windows capability with truthful preflight, progress, result, and evidence.",Win32 file APIs; GetDiskFreeSpaceEx,Win32 file APIs,typed Tauri/Rust contract; fixed allowlisted command only if required,yes,scope/source selector; Scan or Preview; Review results; Export evidence,bounded filters; timeout/result limits; evidence verbosity,operation id; phase; data source/API; duration; warnings/errors; changed/skipped objects,standard user unless the selected operation touches protected machine state,LOW,False,Core local capability must work offline unless an external provider is explicitly selected.,none,READY_TO_IMPLEMENT,https://learn.microsoft.com/en-us/windows/win32/api/fileapi/,P2_existing_reference
M04,M04-S10,Exportable storage reports,PARTIAL,"Deliver Exportable storage reports as a bounded, inspectable Windows capability with truthful preflight, progress, result, and evidence.",Win32 file APIs; GetDiskFreeSpaceEx,Win32 file APIs,typed Tauri/Rust contract; fixed allowlisted command only if required,yes,choose report scope; choose format; redaction toggle where personal data exists; Export,include/exclude evidence sections; timestamp/timezone; machine identifiers policy; pretty/compact JSON,operation id; phase; data source/API; duration; warnings/errors; changed/skipped objects,standard user unless the selected operation touches protected machine state,LOW,False,Core local capability must work offline unless an external provider is explicitly selected.,none,READY_TO_IMPLEMENT,https://learn.microsoft.com/en-us/windows/win32/api/fileapi/,P0_partial_closure
M05,M05-S01,Registry startup entries,STATIC_VERIFIED,"Deliver Registry startup entries as a bounded, inspectable Windows capability with truthful preflight, progress, result, and evidence.",Run/RunOnce registry; Startup known folders,Run/RunOnce registry,typed Tauri/Rust contract; fixed allowlisted command only if required,yes,scope/source selector; Scan or Preview; Review results; Export evidence,bounded filters; timeout/result limits; evidence verbosity,operation id; phase; data source/API; duration; warnings/errors; changed/skipped objects,standard user unless the selected operation touches protected machine state,LOW,False,Core local capability must work offline unless an external provider is explicitly selected.,none,READY_TO_IMPLEMENT,https://learn.microsoft.com/en-us/windows/win32/taskschd/about-the-task-scheduler,P2_existing_reference
M05,M05-S02,Startup folders,STATIC_VERIFIED,"Deliver Startup folders as a bounded, inspectable Windows capability with truthful preflight, progress, result, and evidence.",Run/RunOnce registry; Startup known folders,Run/RunOnce registry,typed Tauri/Rust contract; fixed allowlisted command only if required,yes,scope/source selector; Scan or Preview; Review results; Export evidence,bounded filters; timeout/result limits; evidence verbosity,operation id; phase; data source/API; duration; warnings/errors; changed/skipped objects,standard user unless the selected operation touches protected machine state,LOW,False,Core local capability must work offline unless an external provider is explicitly selected.,none,READY_TO_IMPLEMENT,https://learn.microsoft.com/en-us/windows/win32/taskschd/about-the-task-scheduler,P2_existing_reference
M05,M05-S03,Scheduled startup tasks,STATIC_VERIFIED,"Deliver Scheduled startup tasks as a bounded, inspectable Windows capability with truthful preflight, progress, result, and evidence.",Run/RunOnce registry; Startup known folders,Run/RunOnce registry,typed Tauri/Rust contract; fixed allowlisted command only if required,yes,scope/source selector; Scan or Preview; Review results; Export evidence,bounded filters; timeout/result limits; evidence verbosity,operation id; phase; data source/API; duration; warnings/errors; changed/skipped objects,standard user unless the selected operation touches protected machine state,LOW,True,Core local capability must work offline unless an external provider is explicitly selected.,none,READY_TO_IMPLEMENT,https://learn.microsoft.com/en-us/windows/win32/taskschd/about-the-task-scheduler,P2_existing_reference
M05,M05-S04,Windows services,STATIC_VERIFIED,"Deliver Windows services as a bounded, inspectable Windows capability with truthful preflight, progress, result, and evidence.",Run/RunOnce registry; Startup known folders,Run/RunOnce registry,typed Tauri/Rust contract; fixed allowlisted command only if required,yes,scope/source selector; Scan or Preview; Review results; Export evidence,bounded filters; timeout/result limits; evidence verbosity,operation id; phase; data source/API; duration; warnings/errors; changed/skipped objects,standard user unless the selected operation touches protected machine state,LOW,False,Core local capability must work offline unless an external provider is explicitly selected.,none,READY_TO_IMPLEMENT,https://learn.microsoft.com/en-us/windows/win32/taskschd/about-the-task-scheduler,P2_existing_reference
M05,M05-S05,Startup impact score,STATIC_VERIFIED,"Deliver Startup impact score as a bounded, inspectable Windows capability with truthful preflight, progress, result, and evidence.",Run/RunOnce registry; Startup known folders,Run/RunOnce registry,typed Tauri/Rust contract; fixed allowlisted command only if required,yes,scope/source selector; Scan or Preview; Review results; Export evidence,bounded filters; timeout/result limits; evidence verbosity,operation id; phase; data source/API; duration; warnings/errors; changed/skipped objects,standard user unless the selected operation touches protected machine state,LOW,False,Core local capability must work offline unless an external provider is explicitly selected.,none,READY_TO_IMPLEMENT,https://learn.microsoft.com/en-us/windows/win32/taskschd/about-the-task-scheduler,P2_existing_reference
M05,M05-S06,Safe recommendations,STATIC_VERIFIED,"Deliver Safe recommendations as a bounded, inspectable Windows capability with truthful preflight, progress, result, and evidence.",Run/RunOnce registry; Startup known folders,Run/RunOnce registry,typed Tauri/Rust contract; fixed allowlisted command only if required,yes,scope/source selector; Scan or Preview; Review results; Export evidence,bounded filters; timeout/result limits; evidence verbosity,operation id; phase; data source/API; duration; warnings/errors; changed/skipped objects,standard user unless the selected operation touches protected machine state,LOW,False,Core local capability must work offline unless an external provider is explicitly selected.,none,READY_TO_IMPLEMENT,https://learn.microsoft.com/en-us/windows/win32/taskschd/about-the-task-scheduler,P2_existing_reference
M05,M05-S07,Delayed startup,STATIC_VERIFIED,"Deliver Delayed startup as a bounded, inspectable Windows capability with truthful preflight, progress, result, and evidence.",Run/RunOnce registry; Startup known folders,Run/RunOnce registry,typed Tauri/Rust contract; fixed allowlisted command only if required,yes,scope/source selector; Scan or Preview; Review results; Export evidence,bounded filters; timeout/result limits; evidence verbosity,operation id; phase; data source/API; duration; warnings/errors; changed/skipped objects,standard user unless the selected operation touches protected machine state,LOW,False,Core local capability must work offline unless an external provider is explicitly selected.,none,READY_TO_IMPLEMENT,https://learn.microsoft.com/en-us/windows/win32/taskschd/about-the-task-scheduler,P2_existing_reference
M05,M05-S08,Startup profiles,STATIC_VERIFIED,"Deliver Startup profiles as a bounded, inspectable Windows capability with truthful preflight, progress, result, and evidence.",Run/RunOnce registry; Startup known folders,Run/RunOnce registry,typed Tauri/Rust contract; fixed allowlisted command only if required,yes,scope/source selector; Scan or Preview; Review results; Export evidence,bounded filters; timeout/result limits; evidence verbosity,operation id; phase; data source/API; duration; warnings/errors; changed/skipped objects,standard user unless the selected operation touches protected machine state,LOW,False,Core local capability must work offline unless an external provider is explicitly selected.,none,READY_TO_IMPLEMENT,https://learn.microsoft.com/en-us/windows/win32/taskschd/about-the-task-scheduler,P2_existing_reference
M05,M05-S09,Change restoration,STATIC_VERIFIED,"Deliver Change restoration as a bounded, inspectable Windows capability with truthful preflight, progress, result, and evidence.",Run/RunOnce registry; Startup known folders,Run/RunOnce registry,typed Tauri/Rust contract; fixed allowlisted command only if required,yes,scope/source selector; Scan or Preview; Review results; Export evidence,bounded filters; timeout/result limits; evidence verbosity,operation id; phase; data source/API; duration; warnings/errors; changed/skipped objects,standard user unless the selected operation touches protected machine state,LOW,False,Core local capability must work offline unless an external provider is explicitly selected.,none,READY_TO_IMPLEMENT,https://learn.microsoft.com/en-us/windows/win32/taskschd/about-the-task-scheduler,P2_existing_reference
M05,M05-S10,Boot-performance history,STATIC_VERIFIED,"Deliver Boot-performance history as a bounded, inspectable Windows capability with truthful preflight, progress, result, and evidence.",Run/RunOnce registry; Startup known folders,Run/RunOnce registry,typed Tauri/Rust contract; fixed allowlisted command only if required,yes,scope/source selector; Scan or Preview; Review results; Export evidence,bounded filters; timeout/result limits; evidence verbosity,operation id; phase; data source/API; duration; warnings/errors; changed/skipped objects,standard user unless the selected operation touches protected machine state,LOW,False,Core local capability must work offline unless an external provider is explicitly selected.,none,READY_TO_IMPLEMENT,https://learn.microsoft.com/en-us/windows/win32/taskschd/about-the-task-scheduler,P2_existing_reference
M06,M06-S01,CPU monitoring,STATIC_VERIFIED,"Deliver CPU monitoring as a bounded, inspectable Windows capability with truthful preflight, progress, result, and evidence.",PDH; Process APIs,PDH,typed Tauri/Rust contract; fixed allowlisted command only if required,yes,scope/source selector; Scan or Preview; Review results; Export evidence,bounded filters; timeout/result limits; evidence verbosity,operation id; phase; data source/API; duration; warnings/errors; changed/skipped objects,standard user unless the selected operation touches protected machine state,LOW,False,Core local capability must work offline unless an external provider is explicitly selected.,none,READY_TO_IMPLEMENT,https://learn.microsoft.com/en-us/windows/win32/perfctrs/collecting-performance-data,P2_existing_reference
M06,M06-S02,RAM monitoring,STATIC_VERIFIED,"Deliver RAM monitoring as a bounded, inspectable Windows capability with truthful preflight, progress, result, and evidence.",PDH; Process APIs,PDH,typed Tauri/Rust contract; fixed allowlisted command only if required,yes,scope/source selector; Scan or Preview; Review results; Export evidence,bounded filters; timeout/result limits; evidence verbosity,operation id; phase; data source/API; duration; warnings/errors; changed/skipped objects,standard user unless the selected operation touches protected machine state,LOW,False,Core local capability must work offline unless an external provider is explicitly selected.,none,READY_TO_IMPLEMENT,https://learn.microsoft.com/en-us/windows/win32/perfctrs/collecting-performance-data,P2_existing_reference
M06,M06-S03,Disk activity,STATIC_VERIFIED,"Deliver Disk activity as a bounded, inspectable Windows capability with truthful preflight, progress, result, and evidence.",PDH; Process APIs,PDH,typed Tauri/Rust contract; fixed allowlisted command only if required,yes,scope/source selector; Scan or Preview; Review results; Export evidence,bounded filters; timeout/result limits; evidence verbosity,operation id; phase; data source/API; duration; warnings/errors; changed/skipped objects,standard user unless the selected operation touches protected machine state,LOW,False,Core local capability must work offline unless an external provider is explicitly selected.,none,READY_TO_IMPLEMENT,https://learn.microsoft.com/en-us/windows/win32/perfctrs/collecting-performance-data,P2_existing_reference
M06,M06-S04,Network activity,STATIC_VERIFIED,"Deliver Network activity as a bounded, inspectable Windows capability with truthful preflight, progress, result, and evidence.",PDH; Process APIs,PDH,typed Tauri/Rust contract; fixed allowlisted command only if required,yes,scope/source selector; Scan or Preview; Review results; Export evidence,bounded filters; timeout/result limits; evidence verbosity,operation id; phase; data source/API; duration; warnings/errors; changed/skipped objects,standard user unless the selected operation touches protected machine state,LOW,False,Core local capability must work offline unless an external provider is explicitly selected.,none,READY_TO_IMPLEMENT,https://learn.microsoft.com/en-us/windows/win32/perfctrs/collecting-performance-data,P2_existing_reference
M06,M06-S05,Process explorer,STATIC_VERIFIED,"Deliver Process explorer as a bounded, inspectable Windows capability with truthful preflight, progress, result, and evidence.",PDH; Process APIs,PDH,typed Tauri/Rust contract; fixed allowlisted command only if required,yes,scope/source selector; Scan or Preview; Review results; Export evidence,bounded filters; timeout/result limits; evidence verbosity,operation id; phase; data source/API; duration; warnings/errors; changed/skipped objects,standard user unless the selected operation touches protected machine state,LOW,False,Core local capability must work offline unless an external provider is explicitly selected.,none,READY_TO_IMPLEMENT,https://learn.microsoft.com/en-us/windows/win32/perfctrs/collecting-performance-data,P2_existing_reference
M06,M06-S06,Resource-heavy processes,STATIC_VERIFIED,"Deliver Resource-heavy processes as a bounded, inspectable Windows capability with truthful preflight, progress, result, and evidence.",PDH; Process APIs,PDH,typed Tauri/Rust contract; fixed allowlisted command only if required,yes,scope/source selector; Scan or Preview; Review results; Export evidence,bounded filters; timeout/result limits; evidence verbosity,operation id; phase; data source/API; duration; warnings/errors; changed/skipped objects,standard user unless the selected operation touches protected machine state,LOW,False,Core local capability must work offline unless an external provider is explicitly selected.,none,READY_TO_IMPLEMENT,https://learn.microsoft.com/en-us/windows/win32/perfctrs/collecting-performance-data,P2_existing_reference
M06,M06-S07,Process priority control,STATIC_VERIFIED,"Deliver Process priority control as a bounded, inspectable Windows capability with truthful preflight, progress, result, and evidence.",PDH; Process APIs,PDH,typed Tauri/Rust contract; fixed allowlisted command only if required,yes,scope/source selector; Scan or Preview; Review results; Export evidence,bounded filters; timeout/result limits; evidence verbosity,operation id; phase; data source/API; duration; warnings/errors; changed/skipped objects,standard user unless the selected operation touches protected machine state,MEDIUM,False,Core local capability must work offline unless an external provider is explicitly selected.,none,READY_TO_IMPLEMENT,https://learn.microsoft.com/en-us/windows/win32/perfctrs/collecting-performance-data,P2_existing_reference
M06,M06-S08,Power-plan management,STATIC_VERIFIED,"Deliver Power-plan management as a bounded, inspectable Windows capability with truthful preflight, progress, result, and evidence.",PDH; Process APIs,PDH,typed Tauri/Rust contract; fixed allowlisted command only if required,yes,scope/source selector; Scan or Preview; Review results; Export evidence,bounded filters; timeout/result limits; evidence verbosity,operation id; phase; data source/API; duration; warnings/errors; changed/skipped objects,standard user unless the selected operation touches protected machine state,MEDIUM,False,Core local capability must work offline unless an external provider is explicitly selected.,none,READY_TO_IMPLEMENT,https://learn.microsoft.com/en-us/windows/win32/perfctrs/collecting-performance-data,P2_existing_reference
M06,M06-S09,Performance profiles,STATIC_VERIFIED,"Deliver Performance profiles as a bounded, inspectable Windows capability with truthful preflight, progress, result, and evidence.",PDH; Process APIs,PDH,typed Tauri/Rust contract; fixed allowlisted command only if required,yes,scope/source selector; Scan or Preview; Review results; Export evidence,bounded filters; timeout/result limits; evidence verbosity,operation id; phase; data source/API; duration; warnings/errors; changed/skipped objects,standard user unless the selected operation touches protected machine state,LOW,False,Core local capability must work offline unless an external provider is explicitly selected.,none,READY_TO_IMPLEMENT,https://learn.microsoft.com/en-us/windows/win32/perfctrs/collecting-performance-data,P2_existing_reference
M06,M06-S10,Benchmark report,STATIC_VERIFIED,"Deliver Benchmark report as a bounded, inspectable Windows capability with truthful preflight, progress, result, and evidence.",PDH; Process APIs,PDH,typed Tauri/Rust contract; fixed allowlisted command only if required,yes,choose report scope; choose format; redaction toggle where personal data exists; Export,include/exclude evidence sections; timestamp/timezone; machine identifiers policy; pretty/compact JSON,operation id; phase; data source/API; duration; warnings/errors; changed/skipped objects,standard user unless the selected operation touches protected machine state,LOW,False,Core local capability must work offline unless an external provider is explicitly selected.,none,READY_TO_IMPLEMENT,https://learn.microsoft.com/en-us/windows/win32/perfctrs/collecting-performance-data,P2_existing_reference
M07,M07-S01,SFC verification and repair,STATIC_VERIFIED,"Deliver SFC verification and repair as a bounded, inspectable Windows capability with truthful preflight, progress, result, and evidence.",SFC; DISM,SFC,typed Tauri/Rust contract; fixed allowlisted command only if required,yes,scope/source selector; Scan or Preview; Review results; Export evidence,bounded filters; timeout/result limits; evidence verbosity,operation id; phase; data source/API; duration; warnings/errors; changed/skipped objects,standard user unless the selected operation touches protected machine state,MEDIUM,False,Core local capability must work offline unless an external provider is explicitly selected.,none,READY_TO_IMPLEMENT,https://learn.microsoft.com/en-us/windows-server/storage/file-server/volume-shadow-copy-service,P2_existing_reference
M07,M07-S02,DISM CheckHealth,STATIC_VERIFIED,"Deliver DISM CheckHealth as a bounded, inspectable Windows capability with truthful preflight, progress, result, and evidence.",SFC; DISM,SFC,typed Tauri/Rust contract; fixed allowlisted command only if required,yes,scope/source selector; Scan or Preview; Review results; Export evidence,bounded filters; timeout/result limits; evidence verbosity,operation id; phase; data source/API; duration; warnings/errors; changed/skipped objects,standard user unless the selected operation touches protected machine state,LOW,False,Core local capability must work offline unless an external provider is explicitly selected.,none,READY_TO_IMPLEMENT,https://learn.microsoft.com/en-us/windows-server/storage/file-server/volume-shadow-copy-service,P2_existing_reference
M07,M07-S03,DISM ScanHealth,STATIC_VERIFIED,"Deliver DISM ScanHealth as a bounded, inspectable Windows capability with truthful preflight, progress, result, and evidence.",SFC; DISM,SFC,typed Tauri/Rust contract; fixed allowlisted command only if required,yes,scope/source selector; Scan or Preview; Review results; Export evidence,bounded filters; timeout/result limits; evidence verbosity,operation id; phase; data source/API; duration; warnings/errors; changed/skipped objects,standard user unless the selected operation touches protected machine state,LOW,False,Core local capability must work offline unless an external provider is explicitly selected.,none,READY_TO_IMPLEMENT,https://learn.microsoft.com/en-us/windows-server/storage/file-server/volume-shadow-copy-service,P2_existing_reference
M07,M07-S04,DISM RestoreHealth,STATIC_VERIFIED,"Deliver DISM RestoreHealth as a bounded, inspectable Windows capability with truthful preflight, progress, result, and evidence.",SFC; DISM,SFC,typed Tauri/Rust contract; fixed allowlisted command only if required,yes,scope/source selector; Scan or Preview; Review results; Export evidence,bounded filters; timeout/result limits; evidence verbosity,operation id; phase; data source/API; duration; warnings/errors; changed/skipped objects,standard user unless the selected operation touches protected machine state,MEDIUM,False,Core local capability must work offline unless an external provider is explicitly selected.,none,READY_TO_IMPLEMENT,https://learn.microsoft.com/en-us/windows-server/storage/file-server/volume-shadow-copy-service,P2_existing_reference
M07,M07-S05,Windows Update reset,STATIC_VERIFIED,"Deliver Windows Update reset as a bounded, inspectable Windows capability with truthful preflight, progress, result, and evidence.",SFC; DISM,SFC,typed Tauri/Rust contract; fixed allowlisted command only if required,yes,scope/source selector; Scan or Preview; Review results; Export evidence,bounded filters; timeout/result limits; evidence verbosity,operation id; phase; data source/API; duration; warnings/errors; changed/skipped objects,standard user unless the selected operation touches protected machine state,MEDIUM,False,Core local capability must work offline unless an external provider is explicitly selected.,none,READY_TO_IMPLEMENT,https://learn.microsoft.com/en-us/windows-server/storage/file-server/volume-shadow-copy-service,P2_existing_reference
M07,M07-S06,Icon and thumbnail repair,STATIC_VERIFIED,"Deliver Icon and thumbnail repair as a bounded, inspectable Windows capability with truthful preflight, progress, result, and evidence.",SFC; DISM,SFC,typed Tauri/Rust contract; fixed allowlisted command only if required,yes,scope/source selector; Scan or Preview; Review results; Export evidence,bounded filters; timeout/result limits; evidence verbosity,operation id; phase; data source/API; duration; warnings/errors; changed/skipped objects,standard user unless the selected operation touches protected machine state,MEDIUM,False,Core local capability must work offline unless an external provider is explicitly selected.,none,READY_TO_IMPLEMENT,https://learn.microsoft.com/en-us/windows-server/storage/file-server/volume-shadow-copy-service,P2_existing_reference
M07,M07-S07,WMI health and repair,STATIC_VERIFIED,"Deliver WMI health and repair as a bounded, inspectable Windows capability with truthful preflight, progress, result, and evidence.",SFC; DISM,SFC,typed Tauri/Rust contract; fixed allowlisted command only if required,yes,scope/source selector; Scan or Preview; Review results; Export evidence,bounded filters; timeout/result limits; evidence verbosity,operation id; phase; data source/API; duration; warnings/errors; changed/skipped objects,standard user unless the selected operation touches protected machine state,MEDIUM,False,Core local capability must work offline unless an external provider is explicitly selected.,none,READY_TO_IMPLEMENT,https://learn.microsoft.com/en-us/windows-server/storage/file-server/volume-shadow-copy-service,P2_existing_reference
M07,M07-S08,Windows Installer repair,STATIC_VERIFIED,"Deliver Windows Installer repair as a bounded, inspectable Windows capability with truthful preflight, progress, result, and evidence.",SFC; DISM,SFC,typed Tauri/Rust contract; fixed allowlisted command only if required,yes,scope/source selector; Scan or Preview; Review results; Export evidence,bounded filters; timeout/result limits; evidence verbosity,operation id; phase; data source/API; duration; warnings/errors; changed/skipped objects,standard user unless the selected operation touches protected machine state,MEDIUM,False,Core local capability must work offline unless an external provider is explicitly selected.,none,READY_TO_IMPLEMENT,https://learn.microsoft.com/en-us/windows-server/storage/file-server/volume-shadow-copy-service,P2_existing_reference
M07,M07-S09,VSS repair,STATIC_VERIFIED,"Deliver VSS repair as a bounded, inspectable Windows capability with truthful preflight, progress, result, and evidence.",SFC; DISM,SFC,typed Tauri/Rust contract; fixed allowlisted command only if required,yes,scope/source selector; Scan or Preview; Review results; Export evidence,bounded filters; timeout/result limits; evidence verbosity,operation id; phase; data source/API; duration; warnings/errors; changed/skipped objects,standard user unless the selected operation touches protected machine state,MEDIUM,False,Core local capability must work offline unless an external provider is explicitly selected.,none,READY_TO_IMPLEMENT,https://learn.microsoft.com/en-us/windows-server/storage/file-server/volume-shadow-copy-service,P2_existing_reference
M07,M07-S10,Microsoft Store repair,STATIC_VERIFIED,"Deliver Microsoft Store repair as a bounded, inspectable Windows capability with truthful preflight, progress, result, and evidence.",SFC; DISM,SFC,typed Tauri/Rust contract; fixed allowlisted command only if required,yes,scope/source selector; Scan or Preview; Review results; Export evidence,bounded filters; timeout/result limits; evidence verbosity,operation id; phase; data source/API; duration; warnings/errors; changed/skipped objects,standard user unless the selected operation touches protected machine state,MEDIUM,False,Core local capability must work offline unless an external provider is explicitly selected.,none,READY_TO_IMPLEMENT,https://learn.microsoft.com/en-us/windows-server/storage/file-server/volume-shadow-copy-service,P2_existing_reference
M08,M08-S01,Adapter inventory,STATIC_VERIFIED,"Deliver Adapter inventory as a bounded, inspectable Windows capability with truthful preflight, progress, result, and evidence.",IP Helper API; ICMP/DNS APIs,IP Helper API,typed Tauri/Rust contract; fixed allowlisted command only if required,yes,scope/source selector; Scan or Preview; Review results; Export evidence,bounded filters; timeout/result limits; evidence verbosity,operation id; phase; data source/API; duration; warnings/errors; changed/skipped objects,standard user unless the selected operation touches protected machine state,LOW,False,Core local capability must work offline unless an external provider is explicitly selected.,none,READY_TO_IMPLEMENT,https://learn.microsoft.com/en-us/windows/win32/api/iphlpapi/nf-iphlpapi-getadaptersaddresses,P2_existing_reference
M08,M08-S02,"IP, gateway, and DNS information",STATIC_VERIFIED,"Deliver IP, gateway, and DNS information as a bounded, inspectable Windows capability with truthful preflight, progress, result, and evidence.",IP Helper API; ICMP/DNS APIs,IP Helper API,typed Tauri/Rust contract; fixed allowlisted command only if required,yes,scope/source selector; Scan or Preview; Review results; Export evidence,bounded filters; timeout/result limits; evidence verbosity,operation id; phase; data source/API; duration; warnings/errors; changed/skipped objects,standard user unless the selected operation touches protected machine state,LOW,False,Core local capability must work offline unless an external provider is explicitly selected.,none,READY_TO_IMPLEMENT,https://learn.microsoft.com/en-us/windows/win32/api/iphlpapi/nf-iphlpapi-getadaptersaddresses,P2_existing_reference
M08,M08-S03,Ping test,STATIC_VERIFIED,"Deliver Ping test as a bounded, inspectable Windows capability with truthful preflight, progress, result, and evidence.",IP Helper API; ICMP/DNS APIs,IP Helper API,typed Tauri/Rust contract; fixed allowlisted command only if required,yes,scope/source selector; Scan or Preview; Review results; Export evidence,bounded filters; timeout/result limits; evidence verbosity,operation id; phase; data source/API; duration; warnings/errors; changed/skipped objects,standard user unless the selected operation touches protected machine state,LOW,False,Core local capability must work offline unless an external provider is explicitly selected.,none,READY_TO_IMPLEMENT,https://learn.microsoft.com/en-us/windows/win32/api/iphlpapi/nf-iphlpapi-getadaptersaddresses,P2_existing_reference
M08,M08-S04,Traceroute,STATIC_VERIFIED,"Deliver Traceroute as a bounded, inspectable Windows capability with truthful preflight, progress, result, and evidence.",IP Helper API; ICMP/DNS APIs,IP Helper API,typed Tauri/Rust contract; fixed allowlisted command only if required,yes,scope/source selector; Scan or Preview; Review results; Export evidence,bounded filters; timeout/result limits; evidence verbosity,operation id; phase; data source/API; duration; warnings/errors; changed/skipped objects,standard user unless the selected operation touches protected machine state,LOW,False,Core local capability must work offline unless an external provider is explicitly selected.,none,READY_TO_IMPLEMENT,https://learn.microsoft.com/en-us/windows/win32/api/iphlpapi/nf-iphlpapi-getadaptersaddresses,P2_existing_reference
M08,M08-S05,DNS tests,STATIC_VERIFIED,"Deliver DNS tests as a bounded, inspectable Windows capability with truthful preflight, progress, result, and evidence.",IP Helper API; ICMP/DNS APIs,IP Helper API,typed Tauri/Rust contract; fixed allowlisted command only if required,yes,scope/source selector; Scan or Preview; Review results; Export evidence,bounded filters; timeout/result limits; evidence verbosity,operation id; phase; data source/API; duration; warnings/errors; changed/skipped objects,standard user unless the selected operation touches protected machine state,LOW,False,Core local capability must work offline unless an external provider is explicitly selected.,none,READY_TO_IMPLEMENT,https://learn.microsoft.com/en-us/windows/win32/api/iphlpapi/nf-iphlpapi-getadaptersaddresses,P2_existing_reference
M08,M08-S06,Flush DNS,STATIC_VERIFIED,"Deliver Flush DNS as a bounded, inspectable Windows capability with truthful preflight, progress, result, and evidence.",IP Helper API; ICMP/DNS APIs,IP Helper API,typed Tauri/Rust contract; fixed allowlisted command only if required,yes,scope/source selector; Scan or Preview; Review results; Export evidence,bounded filters; timeout/result limits; evidence verbosity,operation id; phase; data source/API; duration; warnings/errors; changed/skipped objects,standard user unless the selected operation touches protected machine state,LOW,False,Core local capability must work offline unless an external provider is explicitly selected.,none,READY_TO_IMPLEMENT,https://learn.microsoft.com/en-us/windows/win32/api/iphlpapi/nf-iphlpapi-getadaptersaddresses,P2_existing_reference
M08,M08-S07,Renew IP,STATIC_VERIFIED,"Deliver Renew IP as a bounded, inspectable Windows capability with truthful preflight, progress, result, and evidence.",IP Helper API; ICMP/DNS APIs,IP Helper API,typed Tauri/Rust contract; fixed allowlisted command only if required,yes,scope/source selector; Scan or Preview; Review results; Export evidence,bounded filters; timeout/result limits; evidence verbosity,operation id; phase; data source/API; duration; warnings/errors; changed/skipped objects,standard user unless the selected operation touches protected machine state,LOW,False,Core local capability must work offline unless an external provider is explicitly selected.,none,READY_TO_IMPLEMENT,https://learn.microsoft.com/en-us/windows/win32/api/iphlpapi/nf-iphlpapi-getadaptersaddresses,P2_existing_reference
M08,M08-S08,Winsock and TCP/IP reset,STATIC_VERIFIED,"Deliver Winsock and TCP/IP reset as a bounded, inspectable Windows capability with truthful preflight, progress, result, and evidence.",IP Helper API; ICMP/DNS APIs,IP Helper API,typed Tauri/Rust contract; fixed allowlisted command only if required,yes,scope/source selector; Scan or Preview; Review results; Export evidence,bounded filters; timeout/result limits; evidence verbosity,operation id; phase; data source/API; duration; warnings/errors; changed/skipped objects,standard user unless the selected operation touches protected machine state,MEDIUM,False,Core local capability must work offline unless an external provider is explicitly selected.,none,READY_TO_IMPLEMENT,https://learn.microsoft.com/en-us/windows/win32/api/iphlpapi/nf-iphlpapi-getadaptersaddresses,P2_existing_reference
M08,M08-S09,Proxy and firewall status,STATIC_VERIFIED,"Deliver Proxy and firewall status as a bounded, inspectable Windows capability with truthful preflight, progress, result, and evidence.",IP Helper API; ICMP/DNS APIs,IP Helper API,typed Tauri/Rust contract; fixed allowlisted command only if required,yes,scope/source selector; Scan or Preview; Review results; Export evidence,bounded filters; timeout/result limits; evidence verbosity,operation id; phase; data source/API; duration; warnings/errors; changed/skipped objects,standard user unless the selected operation touches protected machine state,LOW,False,Core local capability must work offline unless an external provider is explicitly selected.,none,READY_TO_IMPLEMENT,https://learn.microsoft.com/en-us/windows/win32/api/iphlpapi/nf-iphlpapi-getadaptersaddresses,P2_existing_reference
M08,M08-S10,Network diagnostic report,STATIC_VERIFIED,"Deliver Network diagnostic report as a bounded, inspectable Windows capability with truthful preflight, progress, result, and evidence.",IP Helper API; ICMP/DNS APIs,IP Helper API,typed Tauri/Rust contract; fixed allowlisted command only if required,yes,choose report scope; choose format; redaction toggle where personal data exists; Export,include/exclude evidence sections; timestamp/timezone; machine identifiers policy; pretty/compact JSON,operation id; phase; data source/API; duration; warnings/errors; changed/skipped objects,standard user unless the selected operation touches protected machine state,LOW,False,Core local capability must work offline unless an external provider is explicitly selected.,none,READY_TO_IMPLEMENT,https://learn.microsoft.com/en-us/windows/win32/api/iphlpapi/nf-iphlpapi-getadaptersaddresses,P2_existing_reference
M09,M09-S01,Windows permission dashboard,PLANNED,"Deliver Windows permission dashboard as a bounded, inspectable Windows capability with truthful preflight, progress, result, and evidence.",Privacy Policy CSP/managed policy surfaces; WinRT Clipboard,Privacy Policy CSP/managed policy surfaces,typed Tauri/Rust contract; fixed allowlisted command only if required,yes,scope/source selector; Scan or Preview; Review results; Export evidence,bounded filters; timeout/result limits; evidence verbosity,operation id; phase; data source/API; duration; warnings/errors; changed/skipped objects,standard user unless the selected operation touches protected machine state,LOW,False,Core local capability must work offline unless an external provider is explicitly selected.,none,READY_TO_IMPLEMENT,https://learn.microsoft.com/en-us/windows/client-management/mdm/policy-csp-privacy,P1_planned
M09,M09-S02,Camera permission review,PLANNED,"Deliver Camera permission review as a bounded, inspectable Windows capability with truthful preflight, progress, result, and evidence.",Privacy Policy CSP/managed policy surfaces; WinRT Clipboard,Privacy Policy CSP/managed policy surfaces,typed Tauri/Rust contract; fixed allowlisted command only if required,yes,scope/source selector; Scan or Preview; Review results; Export evidence,bounded filters; timeout/result limits; evidence verbosity,operation id; phase; data source/API; duration; warnings/errors; changed/skipped objects,standard user unless the selected operation touches protected machine state,LOW,False,Core local capability must work offline unless an external provider is explicitly selected.,none,READY_TO_IMPLEMENT,https://learn.microsoft.com/en-us/windows/client-management/mdm/policy-csp-privacy,P1_planned
M09,M09-S03,Microphone permission review,PLANNED,"Deliver Microphone permission review as a bounded, inspectable Windows capability with truthful preflight, progress, result, and evidence.",Privacy Policy CSP/managed policy surfaces; WinRT Clipboard,Privacy Policy CSP/managed policy surfaces,typed Tauri/Rust contract; fixed allowlisted command only if required,yes,scope/source selector; Scan or Preview; Review results; Export evidence,bounded filters; timeout/result limits; evidence verbosity,operation id; phase; data source/API; duration; warnings/errors; changed/skipped objects,standard user unless the selected operation touches protected machine state,LOW,False,Core local capability must work offline unless an external provider is explicitly selected.,none,READY_TO_IMPLEMENT,https://learn.microsoft.com/en-us/windows/client-management/mdm/policy-csp-privacy,P1_planned
M09,M09-S04,Location permission review,PLANNED,"Deliver Location permission review as a bounded, inspectable Windows capability with truthful preflight, progress, result, and evidence.",Privacy Policy CSP/managed policy surfaces; WinRT Clipboard,Privacy Policy CSP/managed policy surfaces,typed Tauri/Rust contract; fixed allowlisted command only if required,yes,scope/source selector; Scan or Preview; Review results; Export evidence,bounded filters; timeout/result limits; evidence verbosity,operation id; phase; data source/API; duration; warnings/errors; changed/skipped objects,standard user unless the selected operation touches protected machine state,LOW,False,Core local capability must work offline unless an external provider is explicitly selected.,none,READY_TO_IMPLEMENT,https://learn.microsoft.com/en-us/windows/client-management/mdm/policy-csp-privacy,P1_planned
M09,M09-S05,Advertising ID,PLANNED,"Deliver Advertising ID as a bounded, inspectable Windows capability with truthful preflight, progress, result, and evidence.",Privacy Policy CSP/managed policy surfaces; WinRT Clipboard,Privacy Policy CSP/managed policy surfaces,typed Tauri/Rust contract; fixed allowlisted command only if required,yes,scope/source selector; Scan or Preview; Review results; Export evidence,bounded filters; timeout/result limits; evidence verbosity,operation id; phase; data source/API; duration; warnings/errors; changed/skipped objects,standard user unless the selected operation touches protected machine state,LOW,False,Core local capability must work offline unless an external provider is explicitly selected.,none,READY_TO_IMPLEMENT,https://learn.microsoft.com/en-us/windows/client-management/mdm/policy-csp-privacy,P1_planned
M09,M09-S06,Clipboard history cleanup,PLANNED,"Deliver Clipboard history cleanup as a bounded, inspectable Windows capability with truthful preflight, progress, result, and evidence.",Privacy Policy CSP/managed policy surfaces; WinRT Clipboard,Privacy Policy CSP/managed policy surfaces,typed Tauri/Rust contract; fixed allowlisted command only if required,yes,scope/source selector; Scan or Preview; Review results; Export evidence,bounded filters; timeout/result limits; evidence verbosity,operation id; phase; data source/API; duration; warnings/errors; changed/skipped objects,standard user unless the selected operation touches protected machine state,LOW,False,Core local capability must work offline unless an external provider is explicitly selected.,none,READY_TO_IMPLEMENT,https://learn.microsoft.com/en-us/windows/client-management/mdm/policy-csp-privacy,P1_planned
M09,M09-S07,Recent-file cleanup,PLANNED,"Deliver Recent-file cleanup as a bounded, inspectable Windows capability with truthful preflight, progress, result, and evidence.",Privacy Policy CSP/managed policy surfaces; WinRT Clipboard,Privacy Policy CSP/managed policy surfaces,typed Tauri/Rust contract; fixed allowlisted command only if required,yes,scope/source selector; Scan or Preview; Review results; Export evidence,bounded filters; timeout/result limits; evidence verbosity,operation id; phase; data source/API; duration; warnings/errors; changed/skipped objects,standard user unless the selected operation touches protected machine state,LOW,False,Core local capability must work offline unless an external provider is explicitly selected.,none,READY_TO_IMPLEMENT,https://learn.microsoft.com/en-us/windows/client-management/mdm/policy-csp-privacy,P1_planned
M09,M09-S08,Browser privacy cleanup,PLANNED,"Deliver Browser privacy cleanup as a bounded, inspectable Windows capability with truthful preflight, progress, result, and evidence.",Privacy Policy CSP/managed policy surfaces; WinRT Clipboard,Privacy Policy CSP/managed policy surfaces,typed Tauri/Rust contract; fixed allowlisted command only if required,yes,scope/source selector; Scan or Preview; Review results; Export evidence,bounded filters; timeout/result limits; evidence verbosity,operation id; phase; data source/API; duration; warnings/errors; changed/skipped objects,standard user unless the selected operation touches protected machine state,LOW,False,Core local capability must work offline unless an external provider is explicitly selected.,none,READY_TO_IMPLEMENT,https://learn.microsoft.com/en-us/windows/client-management/mdm/policy-csp-privacy,P1_planned
M09,M09-S09,Hosts-file inspection,PLANNED,"Deliver Hosts-file inspection as a bounded, inspectable Windows capability with truthful preflight, progress, result, and evidence.",Privacy Policy CSP/managed policy surfaces; WinRT Clipboard,Privacy Policy CSP/managed policy surfaces,typed Tauri/Rust contract; fixed allowlisted command only if required,yes,scope/source selector; Scan or Preview; Review results; Export evidence,bounded filters; timeout/result limits; evidence verbosity,operation id; phase; data source/API; duration; warnings/errors; changed/skipped objects,standard user unless the selected operation touches protected machine state,LOW,False,Core local capability must work offline unless an external provider is explicitly selected.,none,READY_TO_IMPLEMENT,https://learn.microsoft.com/en-us/windows/client-management/mdm/policy-csp-privacy,P1_planned
M09,M09-S10,Reversible privacy profiles,PLANNED,"Deliver Reversible privacy profiles as a bounded, inspectable Windows capability with truthful preflight, progress, result, and evidence.",Privacy Policy CSP/managed policy surfaces; WinRT Clipboard,Privacy Policy CSP/managed policy surfaces,typed Tauri/Rust contract; fixed allowlisted command only if required,yes,scope/source selector; Scan or Preview; Review results; Export evidence,bounded filters; timeout/result limits; evidence verbosity,operation id; phase; data source/API; duration; warnings/errors; changed/skipped objects,standard user unless the selected operation touches protected machine state,LOW,False,Core local capability must work offline unless an external provider is explicitly selected.,none,READY_TO_IMPLEMENT,https://learn.microsoft.com/en-us/windows/client-management/mdm/policy-csp-privacy,P1_planned
M10,M10-S01,Defender status,PLANNED,"Deliver Defender status as a bounded, inspectable Windows capability with truthful preflight, progress, result, and evidence.",Microsoft Defender PowerShell/CIM; Firewall COM,Microsoft Defender PowerShell/CIM,typed Tauri/Rust contract; fixed allowlisted command only if required,yes,scope/source selector; Scan or Preview; Review results; Export evidence,bounded filters; timeout/result limits; evidence verbosity,operation id; phase; data source/API; duration; warnings/errors; changed/skipped objects,query often standard; scan/policy operations may require elevation and Defender availability,LOW,False,Core local capability must work offline unless an external provider is explicitly selected.,none,READY_TO_IMPLEMENT,https://learn.microsoft.com/en-us/powershell/module/defender/get-mpcomputerstatus,P1_planned
M10,M10-S02,Defender quick scan,PLANNED,"Deliver Defender quick scan as a bounded, inspectable Windows capability with truthful preflight, progress, result, and evidence.",Microsoft Defender PowerShell/CIM; Firewall COM,Microsoft Defender PowerShell/CIM,typed Tauri/Rust contract; fixed allowlisted command only if required,yes,scope/source selector; Scan or Preview; Review results; Export evidence,bounded filters; timeout/result limits; evidence verbosity,operation id; phase; data source/API; duration; warnings/errors; changed/skipped objects,query often standard; scan/policy operations may require elevation and Defender availability,LOW,False,Core local capability must work offline unless an external provider is explicitly selected.,none,READY_TO_IMPLEMENT,https://learn.microsoft.com/en-us/powershell/module/defender/get-mpcomputerstatus,P1_planned
M10,M10-S03,Defender full scan,PLANNED,"Deliver Defender full scan as a bounded, inspectable Windows capability with truthful preflight, progress, result, and evidence.",Microsoft Defender PowerShell/CIM; Firewall COM,Microsoft Defender PowerShell/CIM,typed Tauri/Rust contract; fixed allowlisted command only if required,yes,scope/source selector; Scan or Preview; Review results; Export evidence,bounded filters; timeout/result limits; evidence verbosity,operation id; phase; data source/API; duration; warnings/errors; changed/skipped objects,query often standard; scan/policy operations may require elevation and Defender availability,LOW,False,Core local capability must work offline unless an external provider is explicitly selected.,none,READY_TO_IMPLEMENT,https://learn.microsoft.com/en-us/powershell/module/defender/get-mpcomputerstatus,P1_planned
M10,M10-S04,Defender custom scan,PLANNED,"Deliver Defender custom scan as a bounded, inspectable Windows capability with truthful preflight, progress, result, and evidence.",Microsoft Defender PowerShell/CIM; Firewall COM,Microsoft Defender PowerShell/CIM,typed Tauri/Rust contract; fixed allowlisted command only if required,yes,scope/source selector; Scan or Preview; Review results; Export evidence,bounded filters; timeout/result limits; evidence verbosity,operation id; phase; data source/API; duration; warnings/errors; changed/skipped objects,query often standard; scan/policy operations may require elevation and Defender availability,LOW,False,Core local capability must work offline unless an external provider is explicitly selected.,none,READY_TO_IMPLEMENT,https://learn.microsoft.com/en-us/powershell/module/defender/get-mpcomputerstatus,P1_planned
M10,M10-S05,Firewall status,PLANNED,"Deliver Firewall status as a bounded, inspectable Windows capability with truthful preflight, progress, result, and evidence.",Microsoft Defender PowerShell/CIM; Firewall COM,Microsoft Defender PowerShell/CIM,typed Tauri/Rust contract; fixed allowlisted command only if required,yes,scope/source selector; Scan or Preview; Review results; Export evidence,bounded filters; timeout/result limits; evidence verbosity,operation id; phase; data source/API; duration; warnings/errors; changed/skipped objects,standard user unless the selected operation touches protected machine state,LOW,False,Core local capability must work offline unless an external provider is explicitly selected.,none,READY_TO_IMPLEMENT,https://learn.microsoft.com/en-us/powershell/module/defender/get-mpcomputerstatus,P1_planned
M10,M10-S06,UAC status,PLANNED,"Deliver UAC status as a bounded, inspectable Windows capability with truthful preflight, progress, result, and evidence.",Microsoft Defender PowerShell/CIM; Firewall COM,Microsoft Defender PowerShell/CIM,typed Tauri/Rust contract; fixed allowlisted command only if required,yes,scope/source selector; Scan or Preview; Review results; Export evidence,bounded filters; timeout/result limits; evidence verbosity,operation id; phase; data source/API; duration; warnings/errors; changed/skipped objects,standard user unless the selected operation touches protected machine state,LOW,False,Core local capability must work offline unless an external provider is explicitly selected.,none,READY_TO_IMPLEMENT,https://learn.microsoft.com/en-us/powershell/module/defender/get-mpcomputerstatus,P1_planned
M10,M10-S07,SmartScreen status,PLANNED,"Deliver SmartScreen status as a bounded, inspectable Windows capability with truthful preflight, progress, result, and evidence.",Microsoft Defender PowerShell/CIM; Firewall COM,Microsoft Defender PowerShell/CIM,typed Tauri/Rust contract; fixed allowlisted command only if required,yes,scope/source selector; Scan or Preview; Review results; Export evidence,bounded filters; timeout/result limits; evidence verbosity,operation id; phase; data source/API; duration; warnings/errors; changed/skipped objects,standard user unless the selected operation touches protected machine state,LOW,False,Core local capability must work offline unless an external provider is explicitly selected.,none,READY_TO_IMPLEMENT,https://learn.microsoft.com/en-us/powershell/module/defender/get-mpcomputerstatus,P1_planned
M10,M10-S08,Secure Boot & TPM,PLANNED,"Deliver Secure Boot & TPM as a bounded, inspectable Windows capability with truthful preflight, progress, result, and evidence.",Microsoft Defender PowerShell/CIM; Firewall COM,Microsoft Defender PowerShell/CIM,typed Tauri/Rust contract; fixed allowlisted command only if required,yes,scope/source selector; Scan or Preview; Review results; Export evidence,bounded filters; timeout/result limits; evidence verbosity,operation id; phase; data source/API; duration; warnings/errors; changed/skipped objects,standard user unless the selected operation touches protected machine state,LOW,False,Core local capability must work offline unless an external provider is explicitly selected.,none,READY_TO_IMPLEMENT,https://learn.microsoft.com/en-us/powershell/module/defender/get-mpcomputerstatus,P1_planned
M10,M10-S09,Suspicious startup review,PLANNED,"Deliver Suspicious startup review as a bounded, inspectable Windows capability with truthful preflight, progress, result, and evidence.",Microsoft Defender PowerShell/CIM; Firewall COM,Microsoft Defender PowerShell/CIM,typed Tauri/Rust contract; fixed allowlisted command only if required,yes,scope/source selector; Scan or Preview; Review results; Export evidence,bounded filters; timeout/result limits; evidence verbosity,operation id; phase; data source/API; duration; warnings/errors; changed/skipped objects,standard user unless the selected operation touches protected machine state,LOW,False,Core local capability must work offline unless an external provider is explicitly selected.,none,READY_TO_IMPLEMENT,https://learn.microsoft.com/en-us/powershell/module/defender/get-mpcomputerstatus,P1_planned
M10,M10-S10,Optional hash reputation lookup,PLANNED,"Deliver Optional hash reputation lookup as a bounded, inspectable Windows capability with truthful preflight, progress, result, and evidence.",Microsoft Defender PowerShell/CIM; Firewall COM,Microsoft Defender PowerShell/CIM,typed Tauri/Rust contract; fixed allowlisted command only if required,yes,scope/source selector; Scan or Preview; Review results; Export evidence,bounded filters; timeout/result limits; evidence verbosity,operation id; phase; data source/API; duration; warnings/errors; changed/skipped objects,standard user unless the selected operation touches protected machine state,LOW,False,Hashing works offline; reputation lookup disabled offline.,optional provider adapter; exact provider/rate/licensing must be selected before implementation,BLOCKED_BY_EXTERNAL_DEPENDENCY,https://learn.microsoft.com/en-us/powershell/module/defender/get-mpcomputerstatus,P1_planned
M11,M11-S01,Restore point,PLANNED,"Deliver Restore point as a bounded, inspectable Windows capability with truthful preflight, progress, result, and evidence.",System Restore; VSS,System Restore,typed Tauri/Rust contract; fixed allowlisted command only if required,yes,scope/source selector; Scan or Preview; Review results; Export evidence,bounded filters; timeout/result limits; evidence verbosity,operation id; phase; data source/API; duration; warnings/errors; changed/skipped objects,Administrator,MEDIUM,False,Core local capability must work offline unless an external provider is explicitly selected.,none,READY_TO_IMPLEMENT,https://learn.microsoft.com/en-us/windows/win32/sr/createrestorepoint-systemrestore,P1_planned
M11,M11-S02,Folder backup,PLANNED,"Deliver Folder backup as a bounded, inspectable Windows capability with truthful preflight, progress, result, and evidence.",System Restore; VSS,System Restore,typed Tauri/Rust contract; fixed allowlisted command only if required,yes,scope/source selector; Scan or Preview; Review results; Export evidence,bounded filters; timeout/result limits; evidence verbosity,operation id; phase; data source/API; duration; warnings/errors; changed/skipped objects,standard user unless the selected operation touches protected machine state,LOW,False,Core local capability must work offline unless an external provider is explicitly selected.,none,READY_TO_IMPLEMENT,https://learn.microsoft.com/en-us/windows/win32/sr/createrestorepoint-systemrestore,P1_planned
M11,M11-S03,Settings export,PLANNED,"Deliver Settings export as a bounded, inspectable Windows capability with truthful preflight, progress, result, and evidence.",System Restore; VSS,System Restore,typed Tauri/Rust contract; fixed allowlisted command only if required,yes,choose report scope; choose format; redaction toggle where personal data exists; Export,include/exclude evidence sections; timestamp/timezone; machine identifiers policy; pretty/compact JSON,operation id; phase; data source/API; duration; warnings/errors; changed/skipped objects,standard user unless the selected operation touches protected machine state,LOW,False,Core local capability must work offline unless an external provider is explicitly selected.,none,READY_TO_IMPLEMENT,https://learn.microsoft.com/en-us/windows/win32/sr/createrestorepoint-systemrestore,P1_planned
M11,M11-S04,Driver export,PLANNED,"Deliver Driver export as a bounded, inspectable Windows capability with truthful preflight, progress, result, and evidence.",System Restore; VSS,System Restore,typed Tauri/Rust contract; fixed allowlisted command only if required,yes,choose report scope; choose format; redaction toggle where personal data exists; Export,include/exclude evidence sections; timestamp/timezone; machine identifiers policy; pretty/compact JSON,operation id; phase; data source/API; duration; warnings/errors; changed/skipped objects,read may be standard; install/remove or protected operations require elevation,LOW,False,Core local capability must work offline unless an external provider is explicitly selected.,none,READY_TO_IMPLEMENT,https://learn.microsoft.com/en-us/windows/win32/sr/createrestorepoint-systemrestore,P1_planned
M11,M11-S05,Environment-variable export,PLANNED,"Deliver Environment-variable export as a bounded, inspectable Windows capability with truthful preflight, progress, result, and evidence.",System Restore; VSS,System Restore,typed Tauri/Rust contract; fixed allowlisted command only if required,yes,choose report scope; choose format; redaction toggle where personal data exists; Export,include/exclude evidence sections; timestamp/timezone; machine identifiers policy; pretty/compact JSON,operation id; phase; data source/API; duration; warnings/errors; changed/skipped objects,standard user unless the selected operation touches protected machine state,LOW,False,Core local capability must work offline unless an external provider is explicitly selected.,none,READY_TO_IMPLEMENT,https://learn.microsoft.com/en-us/windows/win32/sr/createrestorepoint-systemrestore,P1_planned
M11,M11-S06,Bookmark backup,PLANNED,"Deliver Bookmark backup as a bounded, inspectable Windows capability with truthful preflight, progress, result, and evidence.",System Restore; VSS,System Restore,typed Tauri/Rust contract; fixed allowlisted command only if required,yes,scope/source selector; Scan or Preview; Review results; Export evidence,bounded filters; timeout/result limits; evidence verbosity,operation id; phase; data source/API; duration; warnings/errors; changed/skipped objects,standard user unless the selected operation touches protected machine state,LOW,False,Core local capability must work offline unless an external provider is explicitly selected.,none,READY_TO_IMPLEMENT,https://learn.microsoft.com/en-us/windows/win32/sr/createrestorepoint-systemrestore,P1_planned
M11,M11-S07,Registry-key backup,PLANNED,"Deliver Registry-key backup as a bounded, inspectable Windows capability with truthful preflight, progress, result, and evidence.",System Restore; VSS,System Restore,typed Tauri/Rust contract; fixed allowlisted command only if required,yes,scope/source selector; Scan or Preview; Review results; Export evidence,bounded filters; timeout/result limits; evidence verbosity,operation id; phase; data source/API; duration; warnings/errors; changed/skipped objects,standard user unless the selected operation touches protected machine state,LOW,False,Core local capability must work offline unless an external provider is explicitly selected.,none,READY_TO_IMPLEMENT,https://learn.microsoft.com/en-us/windows/win32/sr/createrestorepoint-systemrestore,P1_planned
M11,M11-S08,Recovery bundle,PLANNED,"Deliver Recovery bundle as a bounded, inspectable Windows capability with truthful preflight, progress, result, and evidence.",System Restore; VSS,System Restore,typed Tauri/Rust contract; fixed allowlisted command only if required,yes,scope/source selector; Scan or Preview; Review results; Export evidence,bounded filters; timeout/result limits; evidence verbosity,operation id; phase; data source/API; duration; warnings/errors; changed/skipped objects,standard user unless the selected operation touches protected machine state,LOW,False,Core local capability must work offline unless an external provider is explicitly selected.,none,READY_TO_IMPLEMENT,https://learn.microsoft.com/en-us/windows/win32/sr/createrestorepoint-systemrestore,P1_planned
M11,M11-S09,Restore wizard,PLANNED,"Deliver Restore wizard as a bounded, inspectable Windows capability with truthful preflight, progress, result, and evidence.",System Restore; VSS,System Restore,typed Tauri/Rust contract; fixed allowlisted command only if required,yes,scope/source selector; Scan or Preview; Review results; Export evidence,bounded filters; timeout/result limits; evidence verbosity,operation id; phase; data source/API; duration; warnings/errors; changed/skipped objects,standard user unless the selected operation touches protected machine state,MEDIUM,False,Core local capability must work offline unless an external provider is explicitly selected.,none,READY_TO_IMPLEMENT,https://learn.microsoft.com/en-us/windows/win32/sr/createrestorepoint-systemrestore,P1_planned
M11,M11-S10,Scheduled backup,PLANNED,"Deliver Scheduled backup as a bounded, inspectable Windows capability with truthful preflight, progress, result, and evidence.",System Restore; VSS,System Restore,typed Tauri/Rust contract; fixed allowlisted command only if required,yes,scope/source selector; Scan or Preview; Review results; Export evidence,bounded filters; timeout/result limits; evidence verbosity,operation id; phase; data source/API; duration; warnings/errors; changed/skipped objects,standard user unless the selected operation touches protected machine state,LOW,True,Core local capability must work offline unless an external provider is explicitly selected.,none,READY_TO_IMPLEMENT,https://learn.microsoft.com/en-us/windows/win32/sr/createrestorepoint-systemrestore,P1_planned
M12,M12-S01,Installed applications,PLANNED,"Deliver Installed applications as a bounded, inspectable Windows capability with truthful preflight, progress, result, and evidence.",WinGet; ARP uninstall registry,WinGet,typed Tauri/Rust contract; fixed allowlisted command only if required,yes,scope/source selector; Scan or Preview; Review results; Export evidence,bounded filters; timeout/result limits; evidence verbosity,operation id; phase; data source/API; duration; warnings/errors; changed/skipped objects,standard user unless the selected operation touches protected machine state,LOW,False,Core local capability must work offline unless an external provider is explicitly selected.,none,READY_TO_IMPLEMENT,https://learn.microsoft.com/en-us/windows/package-manager/winget/source,P1_planned
M12,M12-S02,Safe uninstall,PLANNED,"Deliver Safe uninstall as a bounded, inspectable Windows capability with truthful preflight, progress, result, and evidence.",WinGet; ARP uninstall registry,WinGet,typed Tauri/Rust contract; fixed allowlisted command only if required,yes,scope/source selector; Scan or Preview; Review results; Export evidence,bounded filters; timeout/result limits; evidence verbosity,operation id; phase; data source/API; duration; warnings/errors; changed/skipped objects,standard user unless the selected operation touches protected machine state,MEDIUM,False,Core local capability must work offline unless an external provider is explicitly selected.,none,READY_TO_IMPLEMENT,https://learn.microsoft.com/en-us/windows/package-manager/winget/source,P1_planned
M12,M12-S03,Winget update scan,PLANNED,"Deliver Winget update scan as a bounded, inspectable Windows capability with truthful preflight, progress, result, and evidence.",WinGet; ARP uninstall registry,WinGet,typed Tauri/Rust contract; fixed allowlisted command only if required,yes,scope/source selector; Scan or Preview; Review results; Export evidence,bounded filters; timeout/result limits; evidence verbosity,operation id; phase; data source/API; duration; warnings/errors; changed/skipped objects,standard user unless the selected operation touches protected machine state,LOW,False,Core local capability must work offline unless an external provider is explicitly selected.,none,READY_TO_IMPLEMENT,https://learn.microsoft.com/en-us/windows/package-manager/winget/source,P1_planned
M12,M12-S04,Bulk application updates,PLANNED,"Deliver Bulk application updates as a bounded, inspectable Windows capability with truthful preflight, progress, result, and evidence.",WinGet; ARP uninstall registry,WinGet,typed Tauri/Rust contract; fixed allowlisted command only if required,yes,scope/source selector; Scan or Preview; Review results; Export evidence,bounded filters; timeout/result limits; evidence verbosity,operation id; phase; data source/API; duration; warnings/errors; changed/skipped objects,standard user unless the selected operation touches protected machine state,MEDIUM,False,Core local capability must work offline unless an external provider is explicitly selected.,none,READY_TO_IMPLEMENT,https://learn.microsoft.com/en-us/windows/package-manager/winget/source,P1_planned
M12,M12-S05,Application installation,PLANNED,"Deliver Application installation as a bounded, inspectable Windows capability with truthful preflight, progress, result, and evidence.",WinGet; ARP uninstall registry,WinGet,typed Tauri/Rust contract; fixed allowlisted command only if required,yes,scope/source selector; Scan or Preview; Review results; Export evidence,bounded filters; timeout/result limits; evidence verbosity,operation id; phase; data source/API; duration; warnings/errors; changed/skipped objects,standard user unless the selected operation touches protected machine state,MEDIUM,False,Core local capability must work offline unless an external provider is explicitly selected.,none,READY_TO_IMPLEMENT,https://learn.microsoft.com/en-us/windows/package-manager/winget/source,P1_planned
M12,M12-S06,Driver inventory,PLANNED,"Deliver Driver inventory as a bounded, inspectable Windows capability with truthful preflight, progress, result, and evidence.",WinGet; ARP uninstall registry,WinGet,typed Tauri/Rust contract; fixed allowlisted command only if required,yes,scope/source selector; Scan or Preview; Review results; Export evidence,bounded filters; timeout/result limits; evidence verbosity,operation id; phase; data source/API; duration; warnings/errors; changed/skipped objects,read may be standard; install/remove or protected operations require elevation,LOW,False,Core local capability must work offline unless an external provider is explicitly selected.,none,READY_TO_IMPLEMENT,https://learn.microsoft.com/en-us/windows/package-manager/winget/source,P1_planned
M12,M12-S07,Driver export,PLANNED,"Deliver Driver export as a bounded, inspectable Windows capability with truthful preflight, progress, result, and evidence.",WinGet; ARP uninstall registry,WinGet,typed Tauri/Rust contract; fixed allowlisted command only if required,yes,choose report scope; choose format; redaction toggle where personal data exists; Export,include/exclude evidence sections; timestamp/timezone; machine identifiers policy; pretty/compact JSON,operation id; phase; data source/API; duration; warnings/errors; changed/skipped objects,read may be standard; install/remove or protected operations require elevation,LOW,False,Core local capability must work offline unless an external provider is explicitly selected.,none,READY_TO_IMPLEMENT,https://learn.microsoft.com/en-us/windows/package-manager/winget/source,P1_planned
M12,M12-S08,Missing-driver detection,PLANNED,"Deliver Missing-driver detection as a bounded, inspectable Windows capability with truthful preflight, progress, result, and evidence.",WinGet; ARP uninstall registry,WinGet,typed Tauri/Rust contract; fixed allowlisted command only if required,yes,scope/source selector; Scan or Preview; Review results; Export evidence,bounded filters; timeout/result limits; evidence verbosity,operation id; phase; data source/API; duration; warnings/errors; changed/skipped objects,read may be standard; install/remove or protected operations require elevation,LOW,False,Core local capability must work offline unless an external provider is explicitly selected.,none,READY_TO_IMPLEMENT,https://learn.microsoft.com/en-us/windows/package-manager/winget/source,P1_planned
M12,M12-S09,Default application manager,PLANNED,"Deliver Default application manager as a bounded, inspectable Windows capability with truthful preflight, progress, result, and evidence. Do not use undocumented UserChoice hash manipulation; prefer read/guide/open-supported-settings and deployment-only association workflows where applicable.",WinGet; ARP uninstall registry,WinGet,typed Tauri/Rust contract; fixed allowlisted command only if required,yes,scope/source selector; Scan or Preview; Review results; Export evidence,bounded filters; timeout/result limits; evidence verbosity,operation id; phase; data source/API; duration; warnings/errors; changed/skipped objects,standard user unless the selected operation touches protected machine state,LOW,False,Core local capability must work offline unless an external provider is explicitly selected.,none,NEEDS_PROTOTYPE,https://learn.microsoft.com/en-us/windows/package-manager/winget/source,P1_planned
M12,M12-S10,Software report,PLANNED,"Deliver Software report as a bounded, inspectable Windows capability with truthful preflight, progress, result, and evidence.",WinGet; ARP uninstall registry,WinGet,typed Tauri/Rust contract; fixed allowlisted command only if required,yes,choose report scope; choose format; redaction toggle where personal data exists; Export,include/exclude evidence sections; timestamp/timezone; machine identifiers policy; pretty/compact JSON,operation id; phase; data source/API; duration; warnings/errors; changed/skipped objects,standard user unless the selected operation touches protected machine state,LOW,False,Core local capability must work offline unless an external provider is explicitly selected.,none,READY_TO_IMPLEMENT,https://learn.microsoft.com/en-us/windows/package-manager/winget/source,P1_planned
M13,M13-S01,Batch rename,PLANNED,"Deliver Batch rename as a bounded, inspectable Windows capability with truthful preflight, progress, result, and evidence.",Win32 file APIs; Restart Manager,Win32 file APIs,typed Tauri/Rust contract; fixed allowlisted command only if required,yes,scope/source selector; Scan or Preview; Review results; Export evidence,bounded filters; timeout/result limits; evidence verbosity,operation id; phase; data source/API; duration; warnings/errors; changed/skipped objects,standard user unless the selected operation touches protected machine state,LOW,False,Core local capability must work offline unless an external provider is explicitly selected.,none,READY_TO_IMPLEMENT,https://learn.microsoft.com/en-us/windows/win32/api/fileapi/,P1_planned
M13,M13-S02,Checksum generator,PLANNED,"Deliver Checksum generator as a bounded, inspectable Windows capability with truthful preflight, progress, result, and evidence.",Win32 file APIs; Restart Manager,Win32 file APIs,typed Tauri/Rust contract; fixed allowlisted command only if required,yes,scope/source selector; Scan or Preview; Review results; Export evidence,bounded filters; timeout/result limits; evidence verbosity,operation id; phase; data source/API; duration; warnings/errors; changed/skipped objects,standard user unless the selected operation touches protected machine state,LOW,False,Core local capability must work offline unless an external provider is explicitly selected.,none,READY_TO_IMPLEMENT,https://learn.microsoft.com/en-us/windows/win32/api/fileapi/,P1_planned
M13,M13-S03,Archive creation,PLANNED,"Deliver Archive creation as a bounded, inspectable Windows capability with truthful preflight, progress, result, and evidence.",Win32 file APIs; Restart Manager,Win32 file APIs,typed Tauri/Rust contract; fixed allowlisted command only if required,yes,scope/source selector; Scan or Preview; Review results; Export evidence,bounded filters; timeout/result limits; evidence verbosity,operation id; phase; data source/API; duration; warnings/errors; changed/skipped objects,standard user unless the selected operation touches protected machine state,LOW,False,Core local capability must work offline unless an external provider is explicitly selected.,none,READY_TO_IMPLEMENT,https://learn.microsoft.com/en-us/windows/win32/api/fileapi/,P1_planned
M13,M13-S04,Archive extraction,PLANNED,"Deliver Archive extraction as a bounded, inspectable Windows capability with truthful preflight, progress, result, and evidence.",Win32 file APIs; Restart Manager,Win32 file APIs,typed Tauri/Rust contract; fixed allowlisted command only if required,yes,scope/source selector; Scan or Preview; Review results; Export evidence,bounded filters; timeout/result limits; evidence verbosity,operation id; phase; data source/API; duration; warnings/errors; changed/skipped objects,standard user unless the selected operation touches protected machine state,LOW,False,Core local capability must work offline unless an external provider is explicitly selected.,none,READY_TO_IMPLEMENT,https://learn.microsoft.com/en-us/windows/win32/api/fileapi/,P1_planned
M13,M13-S05,Large-file split and join,PLANNED,"Deliver Large-file split and join as a bounded, inspectable Windows capability with truthful preflight, progress, result, and evidence.",Win32 file APIs; Restart Manager,Win32 file APIs,typed Tauri/Rust contract; fixed allowlisted command only if required,yes,scope/source selector; Scan or Preview; Review results; Export evidence,bounded filters; timeout/result limits; evidence verbosity,operation id; phase; data source/API; duration; warnings/errors; changed/skipped objects,standard user unless the selected operation touches protected machine state,LOW,False,Core local capability must work offline unless an external provider is explicitly selected.,none,READY_TO_IMPLEMENT,https://learn.microsoft.com/en-us/windows/win32/api/fileapi/,P1_planned
M13,M13-S06,Folder comparison,PLANNED,"Deliver Folder comparison as a bounded, inspectable Windows capability with truthful preflight, progress, result, and evidence.",Win32 file APIs; Restart Manager,Win32 file APIs,typed Tauri/Rust contract; fixed allowlisted command only if required,yes,scope/source selector; Scan or Preview; Review results; Export evidence,bounded filters; timeout/result limits; evidence verbosity,operation id; phase; data source/API; duration; warnings/errors; changed/skipped objects,standard user unless the selected operation touches protected machine state,LOW,False,Core local capability must work offline unless an external provider is explicitly selected.,none,READY_TO_IMPLEMENT,https://learn.microsoft.com/en-us/windows/win32/api/fileapi/,P1_planned
M13,M13-S07,Locked-file detection,PLANNED,"Deliver Locked-file detection as a bounded, inspectable Windows capability with truthful preflight, progress, result, and evidence.",Win32 file APIs; Restart Manager,Win32 file APIs,typed Tauri/Rust contract; fixed allowlisted command only if required,yes,scope/source selector; Scan or Preview; Review results; Export evidence,bounded filters; timeout/result limits; evidence verbosity,operation id; phase; data source/API; duration; warnings/errors; changed/skipped objects,standard user unless the selected operation touches protected machine state,LOW,False,Core local capability must work offline unless an external provider is explicitly selected.,none,READY_TO_IMPLEMENT,https://learn.microsoft.com/en-us/windows/win32/api/fileapi/,P1_planned
M13,M13-S08,Metadata and permissions,PLANNED,"Deliver Metadata and permissions as a bounded, inspectable Windows capability with truthful preflight, progress, result, and evidence.",Win32 file APIs; Restart Manager,Win32 file APIs,typed Tauri/Rust contract; fixed allowlisted command only if required,yes,scope/source selector; Scan or Preview; Review results; Export evidence,bounded filters; timeout/result limits; evidence verbosity,operation id; phase; data source/API; duration; warnings/errors; changed/skipped objects,standard user unless the selected operation touches protected machine state,LOW,False,Core local capability must work offline unless an external provider is explicitly selected.,none,READY_TO_IMPLEMENT,https://learn.microsoft.com/en-us/windows/win32/api/fileapi/,P1_planned
M13,M13-S09,Secure deletion,PLANNED,"Deliver Secure deletion as a bounded, inspectable Windows capability with truthful preflight, progress, result, and evidence.",Win32 file APIs; Restart Manager,Win32 file APIs,typed Tauri/Rust contract; fixed allowlisted command only if required,yes,scope/source selector; Scan or Preview; Review results; Export evidence,bounded filters; timeout/result limits; evidence verbosity,operation id; phase; data source/API; duration; warnings/errors; changed/skipped objects,standard user unless the selected operation touches protected machine state,HIGH,False,Core local capability must work offline unless an external provider is explicitly selected.,none,NEEDS_PROTOTYPE,https://learn.microsoft.com/en-us/windows/win32/api/fileapi/,P1_planned
M13,M13-S10,Encoding and line-ending conversion,PLANNED,"Deliver Encoding and line-ending conversion as a bounded, inspectable Windows capability with truthful preflight, progress, result, and evidence.",Win32 file APIs; Restart Manager,Win32 file APIs,typed Tauri/Rust contract; fixed allowlisted command only if required,yes,scope/source selector; Scan or Preview; Review results; Export evidence,bounded filters; timeout/result limits; evidence verbosity,operation id; phase; data source/API; duration; warnings/errors; changed/skipped objects,standard user unless the selected operation touches protected machine state,LOW,False,Core local capability must work offline unless an external provider is explicitly selected.,none,READY_TO_IMPLEMENT,https://learn.microsoft.com/en-us/windows/win32/api/fileapi/,P1_planned
M14,M14-S01,One-click profiles,PLANNED,"Deliver One-click profiles as a bounded, inspectable Windows capability with truthful preflight, progress, result, and evidence.",Task Scheduler 2.0; ShellExecute/CreateProcess with fixed contracts,Task Scheduler 2.0,typed Tauri/Rust contract; fixed allowlisted command only if required,yes,scope/source selector; Scan or Preview; Review results; Export evidence,bounded filters; timeout/result limits; evidence verbosity,operation id; phase; data source/API; duration; warnings/errors; changed/skipped objects,standard user unless the selected operation touches protected machine state,LOW,False,Core local capability must work offline unless an external provider is explicitly selected.,none,READY_TO_IMPLEMENT,https://learn.microsoft.com/en-us/windows/win32/taskschd/about-the-task-scheduler,P1_planned
M14,M14-S02,Multi-action workflows,PLANNED,"Deliver Multi-action workflows as a bounded, inspectable Windows capability with truthful preflight, progress, result, and evidence.",Task Scheduler 2.0; ShellExecute/CreateProcess with fixed contracts,Task Scheduler 2.0,typed Tauri/Rust contract; fixed allowlisted command only if required,yes,scope/source selector; Scan or Preview; Review results; Export evidence,bounded filters; timeout/result limits; evidence verbosity,operation id; phase; data source/API; duration; warnings/errors; changed/skipped objects,standard user unless the selected operation touches protected machine state,LOW,False,Core local capability must work offline unless an external provider is explicitly selected.,none,READY_TO_IMPLEMENT,https://learn.microsoft.com/en-us/windows/win32/taskschd/about-the-task-scheduler,P1_planned
M14,M14-S03,Scheduled actions,PLANNED,"Deliver Scheduled actions as a bounded, inspectable Windows capability with truthful preflight, progress, result, and evidence.",Task Scheduler 2.0; ShellExecute/CreateProcess with fixed contracts,Task Scheduler 2.0,typed Tauri/Rust contract; fixed allowlisted command only if required,yes,scope/source selector; Scan or Preview; Review results; Export evidence,bounded filters; timeout/result limits; evidence verbosity,operation id; phase; data source/API; duration; warnings/errors; changed/skipped objects,standard user unless the selected operation touches protected machine state,LOW,True,Core local capability must work offline unless an external provider is explicitly selected.,none,READY_TO_IMPLEMENT,https://learn.microsoft.com/en-us/windows/win32/taskschd/about-the-task-scheduler,P1_planned
M14,M14-S04,Command palette,PLANNED,"Deliver Command palette as a bounded, inspectable Windows capability with truthful preflight, progress, result, and evidence.",Task Scheduler 2.0; ShellExecute/CreateProcess with fixed contracts,Task Scheduler 2.0,typed Tauri/Rust contract; fixed allowlisted command only if required,yes,scope/source selector; Scan or Preview; Review results; Export evidence,bounded filters; timeout/result limits; evidence verbosity,operation id; phase; data source/API; duration; warnings/errors; changed/skipped objects,standard user unless the selected operation touches protected machine state,LOW,False,Core local capability must work offline unless an external provider is explicitly selected.,none,READY_TO_IMPLEMENT,https://learn.microsoft.com/en-us/windows/win32/taskschd/about-the-task-scheduler,P1_planned
M14,M14-S05,Application launcher,PLANNED,"Deliver Application launcher as a bounded, inspectable Windows capability with truthful preflight, progress, result, and evidence.",Task Scheduler 2.0; ShellExecute/CreateProcess with fixed contracts,Task Scheduler 2.0,typed Tauri/Rust contract; fixed allowlisted command only if required,yes,scope/source selector; Scan or Preview; Review results; Export evidence,bounded filters; timeout/result limits; evidence verbosity,operation id; phase; data source/API; duration; warnings/errors; changed/skipped objects,standard user unless the selected operation touches protected machine state,LOW,False,Core local capability must work offline unless an external provider is explicitly selected.,none,READY_TO_IMPLEMENT,https://learn.microsoft.com/en-us/windows/win32/taskschd/about-the-task-scheduler,P1_planned
M14,M14-S06,Text snippets,PLANNED,"Deliver Text snippets as a bounded, inspectable Windows capability with truthful preflight, progress, result, and evidence.",Task Scheduler 2.0; ShellExecute/CreateProcess with fixed contracts,Task Scheduler 2.0,typed Tauri/Rust contract; fixed allowlisted command only if required,yes,scope/source selector; Scan or Preview; Review results; Export evidence,bounded filters; timeout/result limits; evidence verbosity,operation id; phase; data source/API; duration; warnings/errors; changed/skipped objects,standard user unless the selected operation touches protected machine state,LOW,False,Core local capability must work offline unless an external provider is explicitly selected.,none,READY_TO_IMPLEMENT,https://learn.microsoft.com/en-us/windows/win32/taskschd/about-the-task-scheduler,P1_planned
M14,M14-S07,Local clipboard history,PLANNED,"Deliver Local clipboard history as a bounded, inspectable Windows capability with truthful preflight, progress, result, and evidence.",Task Scheduler 2.0; ShellExecute/CreateProcess with fixed contracts,Task Scheduler 2.0,typed Tauri/Rust contract; fixed allowlisted command only if required,yes,scope/source selector; Scan or Preview; Review results; Export evidence,bounded filters; timeout/result limits; evidence verbosity,operation id; phase; data source/API; duration; warnings/errors; changed/skipped objects,standard user unless the selected operation touches protected machine state,LOW,False,Core local capability must work offline unless an external provider is explicitly selected.,none,READY_TO_IMPLEMENT,https://learn.microsoft.com/en-us/windows/win32/taskschd/about-the-task-scheduler,P1_planned
M14,M14-S08,Workspace launcher,PLANNED,"Deliver Workspace launcher as a bounded, inspectable Windows capability with truthful preflight, progress, result, and evidence.",Task Scheduler 2.0; ShellExecute/CreateProcess with fixed contracts,Task Scheduler 2.0,typed Tauri/Rust contract; fixed allowlisted command only if required,yes,scope/source selector; Scan or Preview; Review results; Export evidence,bounded filters; timeout/result limits; evidence verbosity,operation id; phase; data source/API; duration; warnings/errors; changed/skipped objects,standard user unless the selected operation touches protected machine state,LOW,False,Core local capability must work offline unless an external provider is explicitly selected.,none,READY_TO_IMPLEMENT,https://learn.microsoft.com/en-us/windows/win32/taskschd/about-the-task-scheduler,P1_planned
M14,M14-S09,Folder sync jobs,PLANNED,"Deliver Folder sync jobs as a bounded, inspectable Windows capability with truthful preflight, progress, result, and evidence.",Task Scheduler 2.0; ShellExecute/CreateProcess with fixed contracts,Task Scheduler 2.0,typed Tauri/Rust contract; fixed allowlisted command only if required,yes,scope/source selector; Scan or Preview; Review results; Export evidence,bounded filters; timeout/result limits; evidence verbosity,operation id; phase; data source/API; duration; warnings/errors; changed/skipped objects,standard user unless the selected operation touches protected machine state,LOW,False,Core local capability must work offline unless an external provider is explicitly selected.,none,READY_TO_IMPLEMENT,https://learn.microsoft.com/en-us/windows/win32/taskschd/about-the-task-scheduler,P1_planned
M14,M14-S10,Notifications and history,PLANNED,"Deliver Notifications and history as a bounded, inspectable Windows capability with truthful preflight, progress, result, and evidence.",Task Scheduler 2.0; ShellExecute/CreateProcess with fixed contracts,Task Scheduler 2.0,typed Tauri/Rust contract; fixed allowlisted command only if required,yes,scope/source selector; Scan or Preview; Review results; Export evidence,bounded filters; timeout/result limits; evidence verbosity,operation id; phase; data source/API; duration; warnings/errors; changed/skipped objects,standard user unless the selected operation touches protected machine state,LOW,False,Core local capability must work offline unless an external provider is explicitly selected.,none,READY_TO_IMPLEMENT,https://learn.microsoft.com/en-us/windows/win32/taskschd/about-the-task-scheduler,P1_planned
M15,M15-S01,Development-environment detection,STATIC_VERIFIED,"Deliver Development-environment detection as a bounded, inspectable Windows capability with truthful preflight, progress, result, and evidence.",bounded tool discovery; PATH/environment APIs,bounded tool discovery,typed Tauri/Rust contract; fixed allowlisted command only if required,yes,scope/source selector; Scan or Preview; Review results; Export evidence,bounded filters; timeout/result limits; evidence verbosity,operation id; phase; data source/API; duration; warnings/errors; changed/skipped objects,standard user unless the selected operation touches protected machine state,LOW,False,Core local capability must work offline unless an external provider is explicitly selected.,none,READY_TO_IMPLEMENT,https://learn.microsoft.com/en-us/windows/win32/api/iphlpapi/nf-iphlpapi-getadaptersaddresses,P2_existing_reference
M15,M15-S02,PATH editor,STATIC_VERIFIED,"Deliver PATH editor as a bounded, inspectable Windows capability with truthful preflight, progress, result, and evidence.",bounded tool discovery; PATH/environment APIs,bounded tool discovery,typed Tauri/Rust contract; fixed allowlisted command only if required,yes,scope/source selector; Scan or Preview; Review results; Export evidence,bounded filters; timeout/result limits; evidence verbosity,operation id; phase; data source/API; duration; warnings/errors; changed/skipped objects,standard user unless the selected operation touches protected machine state,LOW,False,Core local capability must work offline unless an external provider is explicitly selected.,none,READY_TO_IMPLEMENT,https://learn.microsoft.com/en-us/windows/win32/api/iphlpapi/nf-iphlpapi-getadaptersaddresses,P2_existing_reference
M15,M15-S03,Git configuration,STATIC_VERIFIED,"Deliver Git configuration as a bounded, inspectable Windows capability with truthful preflight, progress, result, and evidence.",bounded tool discovery; PATH/environment APIs,bounded tool discovery,typed Tauri/Rust contract; fixed allowlisted command only if required,yes,scope/source selector; Scan or Preview; Review results; Export evidence,bounded filters; timeout/result limits; evidence verbosity,operation id; phase; data source/API; duration; warnings/errors; changed/skipped objects,standard user unless the selected operation touches protected machine state,LOW,False,Core local capability must work offline unless an external provider is explicitly selected.,none,READY_TO_IMPLEMENT,https://learn.microsoft.com/en-us/windows/win32/api/iphlpapi/nf-iphlpapi-getadaptersaddresses,P2_existing_reference
M15,M15-S04,Node & package-manager status,STATIC_VERIFIED,"Deliver Node & package-manager status as a bounded, inspectable Windows capability with truthful preflight, progress, result, and evidence.",bounded tool discovery; PATH/environment APIs,bounded tool discovery,typed Tauri/Rust contract; fixed allowlisted command only if required,yes,scope/source selector; Scan or Preview; Review results; Export evidence,bounded filters; timeout/result limits; evidence verbosity,operation id; phase; data source/API; duration; warnings/errors; changed/skipped objects,standard user unless the selected operation touches protected machine state,LOW,False,Core local capability must work offline unless an external provider is explicitly selected.,none,READY_TO_IMPLEMENT,https://learn.microsoft.com/en-us/windows/win32/api/iphlpapi/nf-iphlpapi-getadaptersaddresses,P2_existing_reference
M15,M15-S05,Python & virtual environments,STATIC_VERIFIED,"Deliver Python & virtual environments as a bounded, inspectable Windows capability with truthful preflight, progress, result, and evidence.",bounded tool discovery; PATH/environment APIs,bounded tool discovery,typed Tauri/Rust contract; fixed allowlisted command only if required,yes,scope/source selector; Scan or Preview; Review results; Export evidence,bounded filters; timeout/result limits; evidence verbosity,operation id; phase; data source/API; duration; warnings/errors; changed/skipped objects,standard user unless the selected operation touches protected machine state,LOW,False,Core local capability must work offline unless an external provider is explicitly selected.,none,READY_TO_IMPLEMENT,https://learn.microsoft.com/en-us/windows/win32/api/iphlpapi/nf-iphlpapi-getadaptersaddresses,P2_existing_reference
M15,M15-S06,.NET SDK status,STATIC_VERIFIED,"Deliver .NET SDK status as a bounded, inspectable Windows capability with truthful preflight, progress, result, and evidence.",bounded tool discovery; PATH/environment APIs,bounded tool discovery,typed Tauri/Rust contract; fixed allowlisted command only if required,yes,scope/source selector; Scan or Preview; Review results; Export evidence,bounded filters; timeout/result limits; evidence verbosity,operation id; phase; data source/API; duration; warnings/errors; changed/skipped objects,standard user unless the selected operation touches protected machine state,LOW,False,Core local capability must work offline unless an external provider is explicitly selected.,none,READY_TO_IMPLEMENT,https://learn.microsoft.com/en-us/windows/win32/api/iphlpapi/nf-iphlpapi-getadaptersaddresses,P2_existing_reference
M15,M15-S07,Java & Android tools,STATIC_VERIFIED,"Deliver Java & Android tools as a bounded, inspectable Windows capability with truthful preflight, progress, result, and evidence.",bounded tool discovery; PATH/environment APIs,bounded tool discovery,typed Tauri/Rust contract; fixed allowlisted command only if required,yes,scope/source selector; Scan or Preview; Review results; Export evidence,bounded filters; timeout/result limits; evidence verbosity,operation id; phase; data source/API; duration; warnings/errors; changed/skipped objects,standard user unless the selected operation touches protected machine state,LOW,False,Core local capability must work offline unless an external provider is explicitly selected.,none,READY_TO_IMPLEMENT,https://learn.microsoft.com/en-us/windows/win32/api/iphlpapi/nf-iphlpapi-getadaptersaddresses,P2_existing_reference
M15,M15-S08,Local port viewer,STATIC_VERIFIED,"Deliver Local port viewer as a bounded, inspectable Windows capability with truthful preflight, progress, result, and evidence.",bounded tool discovery; PATH/environment APIs,bounded tool discovery,typed Tauri/Rust contract; fixed allowlisted command only if required,yes,scope/source selector; Scan or Preview; Review results; Export evidence,bounded filters; timeout/result limits; evidence verbosity,operation id; phase; data source/API; duration; warnings/errors; changed/skipped objects,standard user unless the selected operation touches protected machine state,LOW,False,Core local capability must work offline unless an external provider is explicitly selected.,none,READY_TO_IMPLEMENT,https://learn.microsoft.com/en-us/windows/win32/api/iphlpapi/nf-iphlpapi-getadaptersaddresses,P2_existing_reference
M15,M15-S09,Process & port termination,STATIC_VERIFIED,"Deliver Process & port termination as a bounded, inspectable Windows capability with truthful preflight, progress, result, and evidence.",bounded tool discovery; PATH/environment APIs,bounded tool discovery,typed Tauri/Rust contract; fixed allowlisted command only if required,yes,scope/source selector; Scan or Preview; Review results; Export evidence,bounded filters; timeout/result limits; evidence verbosity,operation id; phase; data source/API; duration; warnings/errors; changed/skipped objects,standard user unless the selected operation touches protected machine state,LOW,False,Core local capability must work offline unless an external provider is explicitly selected.,none,READY_TO_IMPLEMENT,https://learn.microsoft.com/en-us/windows/win32/api/iphlpapi/nf-iphlpapi-getadaptersaddresses,P2_existing_reference
M15,M15-S10,Developer health report,STATIC_VERIFIED,"Deliver Developer health report as a bounded, inspectable Windows capability with truthful preflight, progress, result, and evidence.",bounded tool discovery; PATH/environment APIs,bounded tool discovery,typed Tauri/Rust contract; fixed allowlisted command only if required,yes,choose report scope; choose format; redaction toggle where personal data exists; Export,include/exclude evidence sections; timestamp/timezone; machine identifiers policy; pretty/compact JSON,operation id; phase; data source/API; duration; warnings/errors; changed/skipped objects,standard user unless the selected operation touches protected machine state,LOW,False,Core local capability must work offline unless an external provider is explicitly selected.,none,READY_TO_IMPLEMENT,https://learn.microsoft.com/en-us/windows/win32/api/iphlpapi/nf-iphlpapi-getadaptersaddresses,P2_existing_reference
M16,M16-S01,Clone Git repository,PLANNED,"Deliver Clone Git repository as a bounded, inspectable Windows capability with truthful preflight, progress, result, and evidence.",Git CLI/libgit2 candidate; GitHub CLI/API optional,Git CLI/libgit2 candidate,typed Tauri/Rust contract; fixed allowlisted command only if required,yes,scope/source selector; Scan or Preview; Review results; Export evidence,bounded filters; timeout/result limits; evidence verbosity,operation id; phase; data source/API; duration; warnings/errors; changed/skipped objects,standard user unless the selected operation touches protected machine state,LOW,False,Core local capability must work offline unless an external provider is explicitly selected.,none,READY_TO_IMPLEMENT,https://cli.github.com/manual/gh_repo_create,P1_planned
M16,M16-S02,Approved project templates,PLANNED,"Deliver Approved project templates as a bounded, inspectable Windows capability with truthful preflight, progress, result, and evidence.",Git CLI/libgit2 candidate; GitHub CLI/API optional,Git CLI/libgit2 candidate,typed Tauri/Rust contract; fixed allowlisted command only if required,yes,scope/source selector; Scan or Preview; Review results; Export evidence,bounded filters; timeout/result limits; evidence verbosity,operation id; phase; data source/API; duration; warnings/errors; changed/skipped objects,standard user unless the selected operation touches protected machine state,LOW,False,Core local capability must work offline unless an external provider is explicitly selected.,none,READY_TO_IMPLEMENT,https://cli.github.com/manual/gh_repo_create,P1_planned
M16,M16-S03,Initialize Git,PLANNED,"Deliver Initialize Git as a bounded, inspectable Windows capability with truthful preflight, progress, result, and evidence.",Git CLI/libgit2 candidate; GitHub CLI/API optional,Git CLI/libgit2 candidate,typed Tauri/Rust contract; fixed allowlisted command only if required,yes,scope/source selector; Scan or Preview; Review results; Export evidence,bounded filters; timeout/result limits; evidence verbosity,operation id; phase; data source/API; duration; warnings/errors; changed/skipped objects,standard user unless the selected operation touches protected machine state,LOW,False,Core local capability must work offline unless an external provider is explicitly selected.,none,READY_TO_IMPLEMENT,https://cli.github.com/manual/gh_repo_create,P1_planned
M16,M16-S04,GitHub publishing wizard,PLANNED,"Deliver GitHub publishing wizard as a bounded, inspectable Windows capability with truthful preflight, progress, result, and evidence.",Git CLI/libgit2 candidate; GitHub CLI/API optional,Git CLI/libgit2 candidate,typed Tauri/Rust contract; fixed allowlisted command only if required,yes,scope/source selector; Scan or Preview; Review results; Export evidence,bounded filters; timeout/result limits; evidence verbosity,operation id; phase; data source/API; duration; warnings/errors; changed/skipped objects,standard user unless the selected operation touches protected machine state,LOW,False,Core local capability must work offline unless an external provider is explicitly selected.,none,READY_TO_IMPLEMENT,https://cli.github.com/manual/gh_repo_create,P1_planned
M16,M16-S05,Dependency audit,PLANNED,"Deliver Dependency audit as a bounded, inspectable Windows capability with truthful preflight, progress, result, and evidence.",Git CLI/libgit2 candidate; GitHub CLI/API optional,Git CLI/libgit2 candidate,typed Tauri/Rust contract; fixed allowlisted command only if required,yes,scope/source selector; Scan or Preview; Review results; Export evidence,bounded filters; timeout/result limits; evidence verbosity,operation id; phase; data source/API; duration; warnings/errors; changed/skipped objects,standard user unless the selected operation touches protected machine state,LOW,False,Core local capability must work offline unless an external provider is explicitly selected.,none,READY_TO_IMPLEMENT,https://cli.github.com/manual/gh_repo_create,P1_planned
M16,M16-S06,Environment-variable validator,PLANNED,"Deliver Environment-variable validator as a bounded, inspectable Windows capability with truthful preflight, progress, result, and evidence.",Git CLI/libgit2 candidate; GitHub CLI/API optional,Git CLI/libgit2 candidate,typed Tauri/Rust contract; fixed allowlisted command only if required,yes,scope/source selector; Scan or Preview; Review results; Export evidence,bounded filters; timeout/result limits; evidence verbosity,operation id; phase; data source/API; duration; warnings/errors; changed/skipped objects,standard user unless the selected operation touches protected machine state,LOW,False,Core local capability must work offline unless an external provider is explicitly selected.,none,READY_TO_IMPLEMENT,https://cli.github.com/manual/gh_repo_create,P1_planned
M16,M16-S07,Build-artifact cleanup,PLANNED,"Deliver Build-artifact cleanup as a bounded, inspectable Windows capability with truthful preflight, progress, result, and evidence.",Git CLI/libgit2 candidate; GitHub CLI/API optional,Git CLI/libgit2 candidate,typed Tauri/Rust contract; fixed allowlisted command only if required,yes,scope/source selector; Scan or Preview; Review results; Export evidence,bounded filters; timeout/result limits; evidence verbosity,operation id; phase; data source/API; duration; warnings/errors; changed/skipped objects,standard user unless the selected operation touches protected machine state,LOW,False,Core local capability must work offline unless an external provider is explicitly selected.,none,READY_TO_IMPLEMENT,https://cli.github.com/manual/gh_repo_create,P1_planned
M16,M16-S08,Project-size analyzer,PLANNED,"Deliver Project-size analyzer as a bounded, inspectable Windows capability with truthful preflight, progress, result, and evidence.",Git CLI/libgit2 candidate; GitHub CLI/API optional,Git CLI/libgit2 candidate,typed Tauri/Rust contract; fixed allowlisted command only if required,yes,scope/source selector; Scan or Preview; Review results; Export evidence,bounded filters; timeout/result limits; evidence verbosity,operation id; phase; data source/API; duration; warnings/errors; changed/skipped objects,standard user unless the selected operation touches protected machine state,LOW,False,Core local capability must work offline unless an external provider is explicitly selected.,none,READY_TO_IMPLEMENT,https://cli.github.com/manual/gh_repo_create,P1_planned
M16,M16-S09,JSON & YAML tools,PLANNED,"Deliver JSON & YAML tools as a bounded, inspectable Windows capability with truthful preflight, progress, result, and evidence.",Git CLI/libgit2 candidate; GitHub CLI/API optional,Git CLI/libgit2 candidate,typed Tauri/Rust contract; fixed allowlisted command only if required,yes,scope/source selector; Scan or Preview; Review results; Export evidence,bounded filters; timeout/result limits; evidence verbosity,operation id; phase; data source/API; duration; warnings/errors; changed/skipped objects,standard user unless the selected operation touches protected machine state,LOW,False,Core local capability must work offline unless an external provider is explicitly selected.,none,READY_TO_IMPLEMENT,https://cli.github.com/manual/gh_repo_create,P1_planned
M16,M16-S10,API testing workspace,PLANNED,"Deliver API testing workspace as a bounded, inspectable Windows capability with truthful preflight, progress, result, and evidence.",Git CLI/libgit2 candidate; GitHub CLI/API optional,Git CLI/libgit2 candidate,typed Tauri/Rust contract; fixed allowlisted command only if required,yes,scope/source selector; Scan or Preview; Review results; Export evidence,bounded filters; timeout/result limits; evidence verbosity,operation id; phase; data source/API; duration; warnings/errors; changed/skipped objects,standard user unless the selected operation touches protected machine state,LOW,False,Core local capability must work offline unless an external provider is explicitly selected.,none,READY_TO_IMPLEMENT,https://cli.github.com/manual/gh_repo_create,P1_planned
M17,M17-S01,Event Log summary,PLANNED,"Deliver Event Log summary as a bounded, inspectable Windows capability with truthful preflight, progress, result, and evidence.",Windows Event Log API; WER/event channels,Windows Event Log API,typed Tauri/Rust contract; fixed allowlisted command only if required,yes,scope/source selector; Scan or Preview; Review results; Export evidence,bounded filters; timeout/result limits; evidence verbosity,operation id; phase; data source/API; duration; warnings/errors; changed/skipped objects,standard user unless the selected operation touches protected machine state,LOW,False,Core local capability must work offline unless an external provider is explicitly selected.,none,READY_TO_IMPLEMENT,https://learn.microsoft.com/en-us/windows/win32/wes/subscribing-to-events,P1_planned
M17,M17-S02,Application crash history,PLANNED,"Deliver Application crash history as a bounded, inspectable Windows capability with truthful preflight, progress, result, and evidence.",Windows Event Log API; WER/event channels,Windows Event Log API,typed Tauri/Rust contract; fixed allowlisted command only if required,yes,scope/source selector; Scan or Preview; Review results; Export evidence,bounded filters; timeout/result limits; evidence verbosity,operation id; phase; data source/API; duration; warnings/errors; changed/skipped objects,standard user unless the selected operation touches protected machine state,LOW,False,Core local capability must work offline unless an external provider is explicitly selected.,none,READY_TO_IMPLEMENT,https://learn.microsoft.com/en-us/windows/win32/wes/subscribing-to-events,P1_planned
M17,M17-S03,BSOD minidumps,PLANNED,"Deliver BSOD minidumps as a bounded, inspectable Windows capability with truthful preflight, progress, result, and evidence.",Windows Event Log API; WER/event channels,Windows Event Log API,typed Tauri/Rust contract; fixed allowlisted command only if required,yes,scope/source selector; Scan or Preview; Review results; Export evidence,bounded filters; timeout/result limits; evidence verbosity,operation id; phase; data source/API; duration; warnings/errors; changed/skipped objects,standard user unless the selected operation touches protected machine state,LOW,False,Core local capability must work offline unless an external provider is explicitly selected.,none,READY_TO_IMPLEMENT,https://learn.microsoft.com/en-us/windows/win32/wes/subscribing-to-events,P1_planned
M17,M17-S04,Reliability history,PLANNED,"Deliver Reliability history as a bounded, inspectable Windows capability with truthful preflight, progress, result, and evidence.",Windows Event Log API; WER/event channels,Windows Event Log API,typed Tauri/Rust contract; fixed allowlisted command only if required,yes,scope/source selector; Scan or Preview; Review results; Export evidence,bounded filters; timeout/result limits; evidence verbosity,operation id; phase; data source/API; duration; warnings/errors; changed/skipped objects,standard user unless the selected operation touches protected machine state,LOW,False,Core local capability must work offline unless an external provider is explicitly selected.,none,READY_TO_IMPLEMENT,https://learn.microsoft.com/en-us/windows/win32/wes/subscribing-to-events,P1_planned
M17,M17-S05,Failed service diagnostics,PLANNED,"Deliver Failed service diagnostics as a bounded, inspectable Windows capability with truthful preflight, progress, result, and evidence.",Windows Event Log API; WER/event channels,Windows Event Log API,typed Tauri/Rust contract; fixed allowlisted command only if required,yes,scope/source selector; Scan or Preview; Review results; Export evidence,bounded filters; timeout/result limits; evidence verbosity,operation id; phase; data source/API; duration; warnings/errors; changed/skipped objects,standard user unless the selected operation touches protected machine state,LOW,False,Core local capability must work offline unless an external provider is explicitly selected.,none,READY_TO_IMPLEMENT,https://learn.microsoft.com/en-us/windows/win32/wes/subscribing-to-events,P1_planned
M17,M17-S06,Windows Update diagnostics,PLANNED,"Deliver Windows Update diagnostics as a bounded, inspectable Windows capability with truthful preflight, progress, result, and evidence.",Windows Event Log API; WER/event channels,Windows Event Log API,typed Tauri/Rust contract; fixed allowlisted command only if required,yes,scope/source selector; Scan or Preview; Review results; Export evidence,bounded filters; timeout/result limits; evidence verbosity,operation id; phase; data source/API; duration; warnings/errors; changed/skipped objects,standard user unless the selected operation touches protected machine state,LOW,False,Core local capability must work offline unless an external provider is explicitly selected.,none,READY_TO_IMPLEMENT,https://learn.microsoft.com/en-us/windows/win32/wes/subscribing-to-events,P1_planned
M17,M17-S07,Hardware warnings,PLANNED,"Deliver Hardware warnings as a bounded, inspectable Windows capability with truthful preflight, progress, result, and evidence.",Windows Event Log API; WER/event channels,Windows Event Log API,typed Tauri/Rust contract; fixed allowlisted command only if required,yes,scope/source selector; Scan or Preview; Review results; Export evidence,bounded filters; timeout/result limits; evidence verbosity,operation id; phase; data source/API; duration; warnings/errors; changed/skipped objects,standard user unless the selected operation touches protected machine state,LOW,False,Core local capability must work offline unless an external provider is explicitly selected.,none,READY_TO_IMPLEMENT,https://learn.microsoft.com/en-us/windows/win32/wes/subscribing-to-events,P1_planned
M17,M17-S08,Network diagnostics,PLANNED,"Deliver Network diagnostics as a bounded, inspectable Windows capability with truthful preflight, progress, result, and evidence.",Windows Event Log API; WER/event channels,Windows Event Log API,typed Tauri/Rust contract; fixed allowlisted command only if required,yes,scope/source selector; Scan or Preview; Review results; Export evidence,bounded filters; timeout/result limits; evidence verbosity,operation id; phase; data source/API; duration; warnings/errors; changed/skipped objects,standard user unless the selected operation touches protected machine state,LOW,False,Core local capability must work offline unless an external provider is explicitly selected.,none,READY_TO_IMPLEMENT,https://learn.microsoft.com/en-us/windows/win32/wes/subscribing-to-events,P1_planned
M17,M17-S09,Support bundle,PLANNED,"Deliver Support bundle as a bounded, inspectable Windows capability with truthful preflight, progress, result, and evidence.",Windows Event Log API; WER/event channels,Windows Event Log API,typed Tauri/Rust contract; fixed allowlisted command only if required,yes,scope/source selector; Scan or Preview; Review results; Export evidence,bounded filters; timeout/result limits; evidence verbosity,operation id; phase; data source/API; duration; warnings/errors; changed/skipped objects,standard user unless the selected operation touches protected machine state,LOW,False,Core local capability must work offline unless an external provider is explicitly selected.,none,READY_TO_IMPLEMENT,https://learn.microsoft.com/en-us/windows/win32/wes/subscribing-to-events,P1_planned
M17,M17-S10,Redacted report,PLANNED,"Deliver Redacted report as a bounded, inspectable Windows capability with truthful preflight, progress, result, and evidence.",Windows Event Log API; WER/event channels,Windows Event Log API,typed Tauri/Rust contract; fixed allowlisted command only if required,yes,choose report scope; choose format; redaction toggle where personal data exists; Export,include/exclude evidence sections; timestamp/timezone; machine identifiers policy; pretty/compact JSON,operation id; phase; data source/API; duration; warnings/errors; changed/skipped objects,standard user unless the selected operation touches protected machine state,LOW,False,Core local capability must work offline unless an external provider is explicitly selected.,none,READY_TO_IMPLEMENT,https://learn.microsoft.com/en-us/windows/win32/wes/subscribing-to-events,P1_planned
M18,M18-S01,System summary,PLANNED,"Deliver System summary as a bounded, inspectable Windows capability with truthful preflight, progress, result, and evidence.",CIM/WMI hardware classes; SetupAPI,CIM/WMI hardware classes,typed Tauri/Rust contract; fixed allowlisted command only if required,yes,scope/source selector; Scan or Preview; Review results; Export evidence,bounded filters; timeout/result limits; evidence verbosity,operation id; phase; data source/API; duration; warnings/errors; changed/skipped objects,standard user unless the selected operation touches protected machine state,LOW,False,Core local capability must work offline unless an external provider is explicitly selected.,none,NEEDS_PROTOTYPE,https://learn.microsoft.com/en-us/windows/win32/api/setupapi/nf-setupapi-setupdigetclassdevsa,P1_planned
M18,M18-S02,CPU information,PLANNED,"Deliver CPU information as a bounded, inspectable Windows capability with truthful preflight, progress, result, and evidence.",CIM/WMI hardware classes; SetupAPI,CIM/WMI hardware classes,typed Tauri/Rust contract; fixed allowlisted command only if required,yes,scope/source selector; Scan or Preview; Review results; Export evidence,bounded filters; timeout/result limits; evidence verbosity,operation id; phase; data source/API; duration; warnings/errors; changed/skipped objects,standard user unless the selected operation touches protected machine state,LOW,False,Core local capability must work offline unless an external provider is explicitly selected.,none,NEEDS_PROTOTYPE,https://learn.microsoft.com/en-us/windows/win32/api/setupapi/nf-setupapi-setupdigetclassdevsa,P1_planned
M18,M18-S03,GPU information,PLANNED,"Deliver GPU information as a bounded, inspectable Windows capability with truthful preflight, progress, result, and evidence.",CIM/WMI hardware classes; SetupAPI,CIM/WMI hardware classes,typed Tauri/Rust contract; fixed allowlisted command only if required,yes,scope/source selector; Scan or Preview; Review results; Export evidence,bounded filters; timeout/result limits; evidence verbosity,operation id; phase; data source/API; duration; warnings/errors; changed/skipped objects,standard user unless the selected operation touches protected machine state,LOW,False,Core local capability must work offline unless an external provider is explicitly selected.,none,NEEDS_PROTOTYPE,https://learn.microsoft.com/en-us/windows/win32/api/setupapi/nf-setupapi-setupdigetclassdevsa,P1_planned
M18,M18-S04,RAM information,PLANNED,"Deliver RAM information as a bounded, inspectable Windows capability with truthful preflight, progress, result, and evidence.",CIM/WMI hardware classes; SetupAPI,CIM/WMI hardware classes,typed Tauri/Rust contract; fixed allowlisted command only if required,yes,scope/source selector; Scan or Preview; Review results; Export evidence,bounded filters; timeout/result limits; evidence verbosity,operation id; phase; data source/API; duration; warnings/errors; changed/skipped objects,standard user unless the selected operation touches protected machine state,LOW,False,Core local capability must work offline unless an external provider is explicitly selected.,none,NEEDS_PROTOTYPE,https://learn.microsoft.com/en-us/windows/win32/api/setupapi/nf-setupapi-setupdigetclassdevsa,P1_planned
M18,M18-S05,Disk SMART health,PLANNED,"Deliver Disk SMART health as a bounded, inspectable Windows capability with truthful preflight, progress, result, and evidence.",CIM/WMI hardware classes; SetupAPI,CIM/WMI hardware classes,typed Tauri/Rust contract; fixed allowlisted command only if required,yes,scope/source selector; Scan or Preview; Review results; Export evidence,bounded filters; timeout/result limits; evidence verbosity,operation id; phase; data source/API; duration; warnings/errors; changed/skipped objects,standard user unless the selected operation touches protected machine state,LOW,False,Core local capability must work offline unless an external provider is explicitly selected.,none,NEEDS_PROTOTYPE,https://learn.microsoft.com/en-us/windows/win32/api/setupapi/nf-setupapi-setupdigetclassdevsa,P1_planned
M18,M18-S06,Battery health,PLANNED,"Deliver Battery health as a bounded, inspectable Windows capability with truthful preflight, progress, result, and evidence.",CIM/WMI hardware classes; SetupAPI,CIM/WMI hardware classes,typed Tauri/Rust contract; fixed allowlisted command only if required,yes,scope/source selector; Scan or Preview; Review results; Export evidence,bounded filters; timeout/result limits; evidence verbosity,operation id; phase; data source/API; duration; warnings/errors; changed/skipped objects,standard user unless the selected operation touches protected machine state,LOW,False,Core local capability must work offline unless an external provider is explicitly selected.,none,NEEDS_PROTOTYPE,https://learn.microsoft.com/en-us/windows/win32/api/setupapi/nf-setupapi-setupdigetclassdevsa,P1_planned
M18,M18-S07,Sensors and temperature,PLANNED,"Deliver Sensors and temperature as a bounded, inspectable Windows capability with truthful preflight, progress, result, and evidence. Do not promise universal temperature/fan coverage because Windows exposes vendor-dependent sensor data inconsistently.",CIM/WMI hardware classes; SetupAPI,CIM/WMI hardware classes,typed Tauri/Rust contract; fixed allowlisted command only if required,yes,scope/source selector; Scan or Preview; Review results; Export evidence,bounded filters; timeout/result limits; evidence verbosity,operation id; phase; data source/API; duration; warnings/errors; changed/skipped objects,standard user unless the selected operation touches protected machine state,LOW,False,Core local capability must work offline unless an external provider is explicitly selected.,none,NEEDS_PROTOTYPE,https://learn.microsoft.com/en-us/windows/win32/api/setupapi/nf-setupapi-setupdigetclassdevsa,P1_planned
M18,M18-S08,Display & audio devices,PLANNED,"Deliver Display & audio devices as a bounded, inspectable Windows capability with truthful preflight, progress, result, and evidence.",CIM/WMI hardware classes; SetupAPI,CIM/WMI hardware classes,typed Tauri/Rust contract; fixed allowlisted command only if required,yes,scope/source selector; Scan or Preview; Review results; Export evidence,bounded filters; timeout/result limits; evidence verbosity,operation id; phase; data source/API; duration; warnings/errors; changed/skipped objects,standard user unless the selected operation touches protected machine state,LOW,False,Core local capability must work offline unless an external provider is explicitly selected.,none,NEEDS_PROTOTYPE,https://learn.microsoft.com/en-us/windows/win32/api/setupapi/nf-setupapi-setupdigetclassdevsa,P1_planned
M18,M18-S09,BIOS & UEFI,PLANNED,"Deliver BIOS & UEFI as a bounded, inspectable Windows capability with truthful preflight, progress, result, and evidence.",CIM/WMI hardware classes; SetupAPI,CIM/WMI hardware classes,typed Tauri/Rust contract; fixed allowlisted command only if required,yes,scope/source selector; Scan or Preview; Review results; Export evidence,bounded filters; timeout/result limits; evidence verbosity,operation id; phase; data source/API; duration; warnings/errors; changed/skipped objects,standard user unless the selected operation touches protected machine state,LOW,False,Core local capability must work offline unless an external provider is explicitly selected.,none,NEEDS_PROTOTYPE,https://learn.microsoft.com/en-us/windows/win32/api/setupapi/nf-setupapi-setupdigetclassdevsa,P1_planned
M18,M18-S10,Hardware health score,PLANNED,"Deliver Hardware health score as a bounded, inspectable Windows capability with truthful preflight, progress, result, and evidence. Use transparent sub-scores only from measurable evidence; never invent a single opaque PC-health percentage.",CIM/WMI hardware classes; SetupAPI,CIM/WMI hardware classes,typed Tauri/Rust contract; fixed allowlisted command only if required,yes,scope/source selector; Scan or Preview; Review results; Export evidence,bounded filters; timeout/result limits; evidence verbosity,operation id; phase; data source/API; duration; warnings/errors; changed/skipped objects,standard user unless the selected operation touches protected machine state,LOW,False,Core local capability must work offline unless an external provider is explicitly selected.,none,NEEDS_PROTOTYPE,https://learn.microsoft.com/en-us/windows/win32/api/setupapi/nf-setupapi-setupdigetclassdevsa,P1_planned
M19,M19-S01,Secure sign-in,PLANNED,"Deliver Secure sign-in as a bounded, inspectable Windows capability with truthful preflight, progress, result, and evidence.",Tauri updater; provider-defined HTTPS APIs,Tauri updater,typed Tauri/Rust contract; fixed allowlisted command only if required,yes,scope/source selector; Scan or Preview; Review results; Export evidence,bounded filters; timeout/result limits; evidence verbosity,operation id; phase; data source/API; duration; warnings/errors; changed/skipped objects,standard user unless the selected operation touches protected machine state,LOW,False,Core local capability must work offline unless an external provider is explicitly selected.,KNOUX backend contract not present in inspected repository; provider/API must be defined,BLOCKED_BY_EXTERNAL_DEPENDENCY,https://v2.tauri.app/plugin/updater/,P1_planned
M19,M19-S02,Device management,PLANNED,"Deliver Device management as a bounded, inspectable Windows capability with truthful preflight, progress, result, and evidence.",Tauri updater; provider-defined HTTPS APIs,Tauri updater,typed Tauri/Rust contract; fixed allowlisted command only if required,yes,scope/source selector; Scan or Preview; Review results; Export evidence,bounded filters; timeout/result limits; evidence verbosity,operation id; phase; data source/API; duration; warnings/errors; changed/skipped objects,standard user unless the selected operation touches protected machine state,LOW,False,Core local capability must work offline unless an external provider is explicitly selected.,KNOUX backend contract not present in inspected repository; provider/API must be defined,BLOCKED_BY_EXTERNAL_DEPENDENCY,https://v2.tauri.app/plugin/updater/,P1_planned
M19,M19-S03,Settings synchronization,PLANNED,"Deliver Settings synchronization as a bounded, inspectable Windows capability with truthful preflight, progress, result, and evidence.",Tauri updater; provider-defined HTTPS APIs,Tauri updater,typed Tauri/Rust contract; fixed allowlisted command only if required,yes,scope/source selector; Scan or Preview; Review results; Export evidence,bounded filters; timeout/result limits; evidence verbosity,operation id; phase; data source/API; duration; warnings/errors; changed/skipped objects,standard user unless the selected operation touches protected machine state,LOW,False,Core local capability must work offline unless an external provider is explicitly selected.,KNOUX backend contract not present in inspected repository; provider/API must be defined,BLOCKED_BY_EXTERNAL_DEPENDENCY,https://v2.tauri.app/plugin/updater/,P1_planned
M19,M19-S04,Encrypted report upload,PLANNED,"Deliver Encrypted report upload as a bounded, inspectable Windows capability with truthful preflight, progress, result, and evidence.",Tauri updater; provider-defined HTTPS APIs,Tauri updater,typed Tauri/Rust contract; fixed allowlisted command only if required,yes,choose report scope; choose format; redaction toggle where personal data exists; Export,include/exclude evidence sections; timestamp/timezone; machine identifiers policy; pretty/compact JSON,operation id; phase; data source/API; duration; warnings/errors; changed/skipped objects,standard user unless the selected operation touches protected machine state,LOW,False,Core local capability must work offline unless an external provider is explicitly selected.,KNOUX backend contract not present in inspected repository; provider/API must be defined,BLOCKED_BY_EXTERNAL_DEPENDENCY,https://v2.tauri.app/plugin/updater/,P1_planned
M19,M19-S05,Release center,PLANNED,"Deliver Release center as a bounded, inspectable Windows capability with truthful preflight, progress, result, and evidence.",Tauri updater; provider-defined HTTPS APIs,Tauri updater v2 signed update flow,typed Tauri/Rust contract; fixed allowlisted command only if required,yes,scope/source selector; Scan or Preview; Review results; Export evidence,bounded filters; timeout/result limits; evidence verbosity,operation id; phase; data source/API; duration; warnings/errors; changed/skipped objects,standard user unless the selected operation touches protected machine state,LOW,False,Core local capability must work offline unless an external provider is explicitly selected.,none,READY_TO_IMPLEMENT,https://v2.tauri.app/plugin/updater/,P3_cloud_release
M19,M19-S06,Preset synchronization,PLANNED,"Deliver Preset synchronization as a bounded, inspectable Windows capability with truthful preflight, progress, result, and evidence.",Tauri updater; provider-defined HTTPS APIs,Tauri updater,typed Tauri/Rust contract; fixed allowlisted command only if required,yes,scope/source selector; Scan or Preview; Review results; Export evidence,bounded filters; timeout/result limits; evidence verbosity,operation id; phase; data source/API; duration; warnings/errors; changed/skipped objects,standard user unless the selected operation touches protected machine state,MEDIUM,False,Core local capability must work offline unless an external provider is explicitly selected.,KNOUX backend contract not present in inspected repository; provider/API must be defined,BLOCKED_BY_EXTERNAL_DEPENDENCY,https://v2.tauri.app/plugin/updater/,P1_planned
M19,M19-S07,License center,PLANNED,"Deliver License center as a bounded, inspectable Windows capability with truthful preflight, progress, result, and evidence.",Tauri updater; provider-defined HTTPS APIs,Tauri updater,typed Tauri/Rust contract; fixed allowlisted command only if required,yes,scope/source selector; Scan or Preview; Review results; Export evidence,bounded filters; timeout/result limits; evidence verbosity,operation id; phase; data source/API; duration; warnings/errors; changed/skipped objects,standard user unless the selected operation touches protected machine state,LOW,False,Core local capability must work offline unless an external provider is explicitly selected.,KNOUX backend contract not present in inspected repository; provider/API must be defined,BLOCKED_BY_EXTERNAL_DEPENDENCY,https://v2.tauri.app/plugin/updater/,P1_planned
M19,M19-S08,Product feedback,PLANNED,"Deliver Product feedback as a bounded, inspectable Windows capability with truthful preflight, progress, result, and evidence.",Tauri updater; provider-defined HTTPS APIs,Tauri updater,typed Tauri/Rust contract; fixed allowlisted command only if required,yes,scope/source selector; Scan or Preview; Review results; Export evidence,bounded filters; timeout/result limits; evidence verbosity,operation id; phase; data source/API; duration; warnings/errors; changed/skipped objects,standard user unless the selected operation touches protected machine state,LOW,False,Core local capability must work offline unless an external provider is explicitly selected.,KNOUX backend contract not present in inspected repository; provider/API must be defined,BLOCKED_BY_EXTERNAL_DEPENDENCY,https://v2.tauri.app/plugin/updater/,P1_planned
M19,M19-S09,Support tickets,PLANNED,"Deliver Support tickets as a bounded, inspectable Windows capability with truthful preflight, progress, result, and evidence.",Tauri updater; provider-defined HTTPS APIs,Tauri updater,typed Tauri/Rust contract; fixed allowlisted command only if required,yes,scope/source selector; Scan or Preview; Review results; Export evidence,bounded filters; timeout/result limits; evidence verbosity,operation id; phase; data source/API; duration; warnings/errors; changed/skipped objects,standard user unless the selected operation touches protected machine state,LOW,False,Core local capability must work offline unless an external provider is explicitly selected.,KNOUX backend contract not present in inspected repository; provider/API must be defined,BLOCKED_BY_EXTERNAL_DEPENDENCY,https://v2.tauri.app/plugin/updater/,P1_planned
M19,M19-S10,KNOUX ecosystem downloads,PLANNED,"Deliver KNOUX ecosystem downloads as a bounded, inspectable Windows capability with truthful preflight, progress, result, and evidence.",Tauri updater; provider-defined HTTPS APIs,Tauri updater,typed Tauri/Rust contract; fixed allowlisted command only if required,yes,scope/source selector; Scan or Preview; Review results; Export evidence,bounded filters; timeout/result limits; evidence verbosity,operation id; phase; data source/API; duration; warnings/errors; changed/skipped objects,standard user unless the selected operation touches protected machine state,LOW,False,Core local capability must work offline unless an external provider is explicitly selected.,KNOUX backend contract not present in inspected repository; provider/API must be defined,BLOCKED_BY_EXTERNAL_DEPENDENCY,https://v2.tauri.app/plugin/updater/,P1_planned
